date,hour,avgtempC,maxtempC,mintempC,sunHour,uvIndex,humidity,winddirDegree,windspeedKmph,cloudcover,precipMM,pressure,latitude,longitude
2021-07-05,00:00,14,16,11,10.0,3,92,259,11,63,0.5,1004,53.333,-6.249
2021-07-05,01:00,14,16,11,10.0,3,91,253,12,87,0.2,1004,53.333,-6.249
2021-07-05,02:00,14,16,11,10.0,3,90,248,12,89,0.1,1004,53.333,-6.249
2021-07-05,03:00,14,16,11,10.0,3,88,243,13,8,0.0,1004,53.333,-6.249
2021-07-05,04:00,14,16,11,10.0,3,88,237,11,10,0.0,1004,53.333,-6.249
2021-07-05,05:00,14,16,11,10.0,3,88,232,10,12,0.0,1005,53.333,-6.249
2021-07-05,06:00,14,16,11,10.0,3,88,227,12,14,0.0,1005,53.333,-6.249
2021-07-05,07:00,14,16,11,10.0,3,82,212,12,17,0.0,1005,53.333,-6.249
2021-07-05,08:00,14,16,11,10.0,3,76,197,11,21,0.0,1005,53.333,-6.249
2021-07-05,09:00,14,16,11,10.0,3,70,182,10,24,0.0,1005,53.333,-6.249
2021-07-05,10:00,14,16,11,10.0,3,69,168,9,31,0.0,1004,53.333,-6.249
2021-07-05,11:00,14,16,11,10.0,3,68,154,12,39,0.0,1004,53.333,-6.249
2021-07-05,12:00,14,16,11,10.0,3,67,139,15,46,0.0,1003,53.333,-6.249
2021-07-05,13:00,14,16,11,10.0,3,70,148,17,59,0.0,1003,53.333,-6.249
2021-07-05,14:00,14,16,11,10.0,3,73,156,15,72,0.0,1002,53.333,-6.249
2021-07-05,15:00,14,16,11,10.0,3,77,165,16,85,0.0,1002,53.333,-6.249
2021-07-05,16:00,14,16,11,10.0,3,77,161,20,80,0.0,1001,53.333,-6.249
2021-07-05,17:00,14,16,11,10.0,3,78,158,18,76,0.0,1001,53.333,-6.249
2021-07-05,18:00,14,16,11,10.0,3,78,155,17,71,0.0,1000,53.333,-6.249
2021-07-05,19:00,14,16,11,10.0,3,79,204,13,81,0.0,999,53.333,-6.249
2021-07-05,20:00,14,16,11,10.0,3,80,253,9,90,0.0,998,53.333,-6.249
2021-07-05,21:00,14,16,11,10.0,3,81,302,5,100,0.0,998,53.333,-6.249
2021-07-05,22:00,14,16,11,10.0,3,82,222,7,87,0.0,997,53.333,-6.249
2021-07-05,23:00,14,16,11,10.0,3,83,142,9,74,0.0,997,53.333,-6.249
2021-07-06,00:00,14,18,12,5.0,3,84,62,12,61,0.0,997,53.333,-6.249
2021-07-06,01:00,14,18,12,5.0,3,85,50,9,73,0.0,996,53.333,-6.249
2021-07-06,02:00,14,18,12,5.0,3,85,38,10,85,0.0,995,53.333,-6.249
2021-07-06,03:00,14,18,12,5.0,3,86,27,12,97,0.0,994,53.333,-6.249
2021-07-06,04:00,14,18,12,5.0,3,87,133,14,98,0.0,994,53.333,-6.249
2021-07-06,05:00,14,18,12,5.0,3,89,240,15,99,0.0,994,53.333,-6.249
2021-07-06,06:00,14,18,12,5.0,3,91,346,15,100,0.0,994,53.333,-6.249
2021-07-06,07:00,14,18,12,5.0,3,89,331,16,89,0.0,994,53.333,-6.249
2021-07-06,08:00,14,18,12,5.0,3,87,315,16,78,0.0,994,53.333,-6.249
2021-07-06,09:00,14,18,12,5.0,3,86,300,16,68,0.0,994,53.333,-6.249
2021-07-06,10:00,14,18,12,5.0,3,81,299,16,76,0.0,994,53.333,-6.249
2021-07-06,11:00,14,18,12,5.0,3,77,299,15,84,0.0,994,53.333,-6.249
2021-07-06,12:00,14,18,12,5.0,3,72,298,18,92,0.0,995,53.333,-6.249
2021-07-06,13:00,14,18,12,5.0,3,68,294,19,92,0.0,995,53.333,-6.249
2021-07-06,14:00,14,18,12,5.0,3,64,291,15,93,0.0,995,53.333,-6.249
2021-07-06,15:00,14,18,12,5.0,3,60,287,15,94,0.0,996,53.333,-6.249
2021-07-06,16:00,14,18,12,5.0,3,66,282,16,68,0.0,996,53.333,-6.249
2021-07-06,17:00,14,18,12,5.0,3,72,277,17,43,0.0,997,53.333,-6.249
2021-07-06,18:00,14,18,12,5.0,3,78,272,18,17,0.0,997,53.333,-6.249
2021-07-06,19:00,14,18,12,5.0,3,83,268,19,85,0.2,998,53.333,-6.249
2021-07-06,20:00,14,18,12,5.0,3,87,264,16,58,0.4,999,53.333,-6.249
2021-07-06,21:00,14,18,12,5.0,3,92,261,12,78,0.4,999,53.333,-6.249
2021-07-06,22:00,14,18,12,5.0,3,93,265,13,85,0.6,1001,53.333,-6.249
2021-07-06,23:00,14,18,12,5.0,3,94,270,14,93,0.5,1002,53.333,-6.249
2021-07-07,00:00,15,18,13,7.0,3,95,275,14,100,0.2,1003,53.333,-6.249
2021-07-07,01:00,15,18,13,7.0,3,95,271,13,98,0.3,1004,53.333,-6.249
2021-07-07,02:00,15,18,13,7.0,3,95,266,12,97,0.0,1004,53.333,-6.249
2021-07-07,03:00,15,18,13,7.0,3,95,262,11,95,0.0,1005,53.333,-6.249
2021-07-07,04:00,15,18,13,7.0,3,94,265,11,97,0.0,1006,53.333,-6.249
2021-07-07,05:00,15,18,13,7.0,3,94,268,11,98,0.0,1007,53.333,-6.249
2021-07-07,06:00,15,18,13,7.0,3,93,271,11,100,0.0,1008,53.333,-6.249
2021-07-07,07:00,15,18,13,7.0,3,91,271,11,100,0.0,1008,53.333,-6.249
2021-07-07,08:00,15,18,13,7.0,3,89,270,11,100,0.0,1009,53.333,-6.249
2021-07-07,09:00,15,18,13,7.0,3,87,270,10,100,0.0,1010,53.333,-6.249
2021-07-07,10:00,15,18,13,7.0,3,83,281,10,91,0.0,1011,53.333,-6.249
2021-07-07,11:00,15,18,13,7.0,3,78,292,10,82,0.0,1011,53.333,-6.249
2021-07-07,12:00,15,18,13,7.0,3,74,304,10,73,0.0,1012,53.333,-6.249
2021-07-07,13:00,15,18,13,7.0,3,73,266,8,72,0.0,1012,53.333,-6.249
2021-07-07,14:00,15,18,13,7.0,3,71,229,7,72,0.0,1013,53.333,-6.249
2021-07-07,15:00,15,18,13,7.0,3,70,191,5,72,0.0,1013,53.333,-6.249
2021-07-07,16:00,15,18,13,7.0,3,74,189,6,73,0.0,1014,53.333,-6.249
2021-07-07,17:00,15,18,13,7.0,3,78,186,6,74,0.1,1014,53.333,-6.249
2021-07-07,18:00,15,18,13,7.0,3,82,184,6,75,0.0,1015,53.333,-6.249
2021-07-07,19:00,15,18,13,7.0,3,84,206,6,76,0.0,1015,53.333,-6.249
2021-07-07,20:00,15,18,13,7.0,3,86,228,6,77,0.0,1016,53.333,-6.249
2021-07-07,21:00,15,18,13,7.0,3,89,250,6,78,0.0,1017,53.333,-6.249
2021-07-07,22:00,15,18,13,7.0,3,90,262,9,81,0.0,1016,53.333,-6.249
2021-07-07,23:00,15,18,13,7.0,3,91,275,11,84,0.0,1016,53.333,-6.249
2021-07-08,00:00,15,17,12,3.0,3,93,287,14,87,0.0,1016,53.333,-6.249
2021-07-08,01:00,15,17,12,3.0,3,93,287,14,75,0.0,1016,53.333,-6.249
2021-07-08,02:00,15,17,12,3.0,3,93,286,14,63,0.0,1017,53.333,-6.249
2021-07-08,03:00,15,17,12,3.0,3,94,285,14,51,0.0,1017,53.333,-6.249
2021-07-08,04:00,15,17,12,3.0,3,93,282,13,48,0.0,1017,53.333,-6.249
2021-07-08,05:00,15,17,12,3.0,3,92,279,13,45,0.0,1017,53.333,-6.249
2021-07-08,06:00,15,17,12,3.0,3,92,276,13,42,0.0,1018,53.333,-6.249
2021-07-08,07:00,15,17,12,3.0,3,90,280,13,61,0.0,1018,53.333,-6.249
2021-07-08,08:00,15,17,12,3.0,3,89,283,12,81,0.0,1018,53.333,-6.249
2021-07-08,09:00,15,17,12,3.0,3,87,287,12,100,0.1,1019,53.333,-6.249
2021-07-08,10:00,15,17,12,3.0,3,85,284,11,97,0.1,1019,53.333,-6.249
2021-07-08,11:00,15,17,12,3.0,3,82,280,10,93,0.2,1019,53.333,-6.249
2021-07-08,12:00,15,17,12,3.0,3,80,277,9,90,0.1,1019,53.333,-6.249
2021-07-08,13:00,15,17,12,3.0,3,79,245,8,86,0.1,1019,53.333,-6.249
2021-07-08,14:00,15,17,12,3.0,3,79,213,7,82,0.1,1019,53.333,-6.249
2021-07-08,15:00,15,17,12,3.0,3,78,180,6,79,0.0,1019,53.333,-6.249
2021-07-08,16:00,15,17,12,3.0,3,80,178,7,82,0.0,1019,53.333,-6.249
2021-07-08,17:00,15,17,12,3.0,3,82,176,7,85,0.0,1019,53.333,-6.249
2021-07-08,18:00,15,17,12,3.0,3,84,174,7,89,0.2,1019,53.333,-6.249
2021-07-08,19:00,15,17,12,3.0,3,85,183,7,83,0.0,1019,53.333,-6.249
2021-07-08,20:00,15,17,12,3.0,3,86,192,7,77,0.0,1019,53.333,-6.249
2021-07-08,21:00,15,17,12,3.0,3,86,201,7,71,0.0,1019,53.333,-6.249
2021-07-08,22:00,15,17,12,3.0,3,87,198,6,71,0.0,1020,53.333,-6.249
2021-07-08,23:00,15,17,12,3.0,3,87,196,5,71,0.0,1020,53.333,-6.249
2021-07-09,00:00,15,16,13,12.0,4,88,194,5,71,0.0,1020,53.333,-6.249
2021-07-09,01:00,15,16,13,12.0,4,88,196,4,69,0.0,1020,53.333,-6.249
2021-07-09,02:00,15,16,13,12.0,4,88,198,4,66,0.2,1020,53.333,-6.249
2021-07-09,03:00,15,16,13,12.0,4,88,200,4,64,0.1,1019,53.333,-6.249
2021-07-09,04:00,15,16,13,12.0,4,88,199,3,67,0.1,1019,53.333,-6.249
2021-07-09,05:00,15,16,13,12.0,4,88,197,3,70,0.1,1019,53.333,-6.249
2021-07-09,06:00,15,16,13,12.0,4,88,196,3,72,0.0,1019,53.333,-6.249
2021-07-09,07:00,15,16,13,12.0,4,88,180,4,71,0.0,1019,53.333,-6.249
2021-07-09,08:00,15,16,13,12.0,4,88,165,5,70,0.0,1019,53.333,-6.249
2021-07-09,09:00,15,16,13,12.0,4,88,149,6,69,0.0,1019,53.333,-6.249
2021-07-09,10:00,15,16,13,12.0,4,88,152,7,71,0.0,1019,53.333,-6.249
2021-07-09,11:00,15,16,13,12.0,4,88,155,9,73,0.0,1019,53.333,-6.249
2021-07-09,12:00,15,16,13,12.0,4,88,159,11,75,0.0,1019,53.333,-6.249
2021-07-09,13:00,15,16,13,12.0,4,87,160,11,69,0.1,1018,53.333,-6.249
2021-07-09,14:00,15,16,13,12.0,4,86,161,12,62,0.0,1018,53.333,-6.249
2021-07-09,15:00,15,16,13,12.0,4,86,162,13,55,0.0,1018,53.333,-6.249
2021-07-09,16:00,15,16,13,12.0,4,86,159,12,70,0.0,1018,53.333,-6.249
2021-07-09,17:00,15,16,13,12.0,4,87,156,11,85,0.0,1017,53.333,-6.249
2021-07-09,18:00,15,16,13,12.0,4,87,153,10,100,0.0,1017,53.333,-6.249
2021-07-09,19:00,15,16,13,12.0,4,89,170,9,86,0.1,1017,53.333,-6.249
2021-07-09,20:00,15,16,13,12.0,4,90,187,7,72,0.0,1017,53.333,-6.249
2021-07-09,21:00,15,16,13,12.0,4,92,205,6,57,0.0,1017,53.333,-6.249
2021-07-09,22:00,15,16,13,12.0,4,93,191,7,62,0.0,1017,53.333,-6.249
2021-07-09,23:00,15,16,13,12.0,4,95,178,9,67,0.0,1017,53.333,-6.249
2021-07-10,00:00,15,18,13,15.0,4,96,165,10,72,0.0,1016,53.333,-6.249
2021-07-10,01:00,15,18,13,15.0,4,96,165,10,67,0.0,1016,53.333,-6.249
2021-07-10,02:00,15,18,13,15.0,4,95,165,10,62,0.0,1016,53.333,-6.249
2021-07-10,03:00,15,18,13,15.0,4,95,166,10,57,0.0,1016,53.333,-6.249
2021-07-10,04:00,15,18,13,15.0,4,94,163,10,60,0.0,1015,53.333,-6.249
2021-07-10,05:00,15,18,13,15.0,4,93,160,11,63,0.0,1015,53.333,-6.249
2021-07-10,06:00,15,18,13,15.0,4,92,158,11,65,0.0,1015,53.333,-6.249
2021-07-10,07:00,15,18,13,15.0,4,89,149,11,63,0.0,1015,53.333,-6.249
2021-07-10,08:00,15,18,13,15.0,4,86,140,10,60,0.0,1015,53.333,-6.249
2021-07-10,09:00,15,18,13,15.0,4,84,131,10,58,0.0,1015,53.333,-6.249
2021-07-10,10:00,15,18,13,15.0,4,83,132,12,45,0.0,1015,53.333,-6.249
2021-07-10,11:00,15,18,13,15.0,4,82,133,14,32,0.0,1015,53.333,-6.249
2021-07-10,12:00,15,18,13,15.0,4,81,134,16,18,0.0,1015,53.333,-6.249
2021-07-10,13:00,15,18,13,15.0,4,79,135,13,36,0.0,1014,53.333,-6.249
2021-07-10,14:00,15,18,13,15.0,4,78,136,13,53,0.0,1014,53.333,-6.249
2021-07-10,15:00,15,18,13,15.0,4,77,136,14,70,0.0,1014,53.333,-6.249
2021-07-10,16:00,15,18,13,15.0,4,80,143,14,53,0.0,1014,53.333,-6.249
2021-07-10,17:00,15,18,13,15.0,4,82,149,14,37,0.0,1013,53.333,-6.249
2021-07-10,18:00,15,18,13,15.0,4,84,156,15,20,0.0,1013,53.333,-6.249
2021-07-10,19:00,15,18,13,15.0,4,87,158,18,39,0.0,1013,53.333,-6.249
2021-07-10,20:00,15,18,13,15.0,4,90,161,17,59,0.0,1013,53.333,-6.249
2021-07-10,21:00,15,18,13,15.0,4,93,164,15,78,0.0,1013,53.333,-6.249
2021-07-10,22:00,15,18,13,15.0,4,93,170,15,67,0.0,1013,53.333,-6.249
2021-07-10,23:00,15,18,13,15.0,4,92,176,14,57,0.0,1012,53.333,-6.249
2021-07-11,00:00,14,16,11,8.0,4,92,182,13,46,0.0,1012,53.333,-6.249
2021-07-11,01:00,14,16,11,8.0,4,92,182,12,37,0.0,1011,53.333,-6.249
2021-07-11,02:00,14,16,11,8.0,4,93,181,12,28,0.0,1011,53.333,-6.249
2021-07-11,03:00,14,16,11,8.0,4,93,181,12,83,0.1,1011,53.333,-6.249
2021-07-11,04:00,14,16,11,8.0,4,92,177,13,80,0.1,1011,53.333,-6.249
2021-07-11,05:00,14,16,11,8.0,4,92,174,14,41,0.0,1010,53.333,-6.249
2021-07-11,06:00,14,16,11,8.0,4,92,170,15,52,0.0,1010,53.333,-6.249
2021-07-11,07:00,14,16,11,8.0,4,91,168,16,55,0.0,1010,53.333,-6.249
2021-07-11,08:00,14,16,11,8.0,4,91,165,17,59,0.0,1010,53.333,-6.249
2021-07-11,09:00,14,16,11,8.0,4,91,163,17,62,0.0,1010,53.333,-6.249
2021-07-11,10:00,14,16,11,8.0,4,92,156,18,75,0.3,1010,53.333,-6.249
2021-07-11,11:00,14,16,11,8.0,4,93,149,19,87,0.0,1010,53.333,-6.249
2021-07-11,12:00,14,16,11,8.0,4,95,143,20,100,0.1,1010,53.333,-6.249
2021-07-11,13:00,14,16,11,8.0,4,96,142,20,100,0.0,1009,53.333,-6.249
2021-07-11,14:00,14,16,11,8.0,4,96,141,21,100,0.1,1009,53.333,-6.249
2021-07-11,15:00,14,16,11,8.0,4,97,140,21,100,0.2,1009,53.333,-6.249
2021-07-11,16:00,14,16,11,8.0,4,93,147,20,70,0.2,1008,53.333,-6.249
2021-07-11,17:00,14,16,11,8.0,4,89,153,18,40,0.0,1008,53.333,-6.249
2021-07-11,18:00,14,16,11,8.0,4,86,159,17,11,0.0,1008,53.333,-6.249
2021-07-11,19:00,14,16,11,8.0,4,87,165,17,84,0.6,1008,53.333,-6.249
2021-07-11,20:00,14,16,11,8.0,4,88,172,16,85,0.7,1009,53.333,-6.249
2021-07-11,21:00,14,16,11,8.0,4,89,178,16,82,0.4,1009,53.333,-6.249
2021-07-11,22:00,14,16,11,8.0,4,92,166,14,70,0.4,1009,53.333,-6.249
2021-07-11,23:00,14,16,11,8.0,4,94,155,12,54,0.1,1010,53.333,-6.249
2021-07-12,00:00,15,19,14,4.0,4,97,143,10,77,0.0,1010,53.333,-6.249
2021-07-12,01:00,15,19,14,4.0,4,97,149,8,78,0.0,1010,53.333,-6.249
2021-07-12,02:00,15,19,14,4.0,4,96,156,7,79,0.0,1010,53.333,-6.249
2021-07-12,03:00,15,19,14,4.0,4,96,163,5,80,0.0,1010,53.333,-6.249
2021-07-12,04:00,15,19,14,4.0,4,95,206,4,87,0.0,1010,53.333,-6.249
2021-07-12,05:00,15,19,14,4.0,4,94,250,3,93,0.0,1011,53.333,-6.249
2021-07-12,06:00,15,19,14,4.0,4,94,294,2,100,0.0,1011,53.333,-6.249
2021-07-12,07:00,15,19,14,4.0,4,92,309,3,100,0.0,1011,53.333,-6.249
2021-07-12,08:00,15,19,14,4.0,4,90,324,5,100,0.0,1011,53.333,-6.249
2021-07-12,09:00,15,19,14,4.0,4,88,338,6,100,0.2,1012,53.333,-6.249
2021-07-12,10:00,15,19,14,4.0,4,86,342,6,92,0.6,1012,53.333,-6.249
2021-07-12,11:00,15,19,14,4.0,4,84,345,7,85,0.6,1012,53.333,-6.249
2021-07-12,12:00,15,19,14,4.0,4,82,348,7,77,0.1,1012,53.333,-6.249
2021-07-12,13:00,15,19,14,4.0,4,80,334,7,82,0.0,1012,53.333,-6.249
2021-07-12,14:00,15,19,14,4.0,4,78,320,7,87,0.1,1012,53.333,-6.249
2021-07-12,15:00,15,19,14,4.0,4,76,305,8,93,0.2,1013,53.333,-6.249
2021-07-12,16:00,15,19,14,4.0,4,75,308,8,77,0.2,1013,53.333,-6.249
2021-07-12,17:00,15,19,14,4.0,4,74,312,8,61,0.8,1013,53.333,-6.249
2021-07-12,18:00,15,19,14,4.0,4,73,315,9,75,1.5,1013,53.333,-6.249
2021-07-12,19:00,15,19,14,4.0,4,79,307,10,56,0.0,1014,53.333,-6.249
2021-07-12,20:00,15,19,14,4.0,4,85,299,11,67,0.0,1014,53.333,-6.249
2021-07-12,21:00,15,19,14,4.0,4,90,291,12,78,0.0,1015,53.333,-6.249
2021-07-12,22:00,15,19,14,4.0,4,91,293,11,69,0.0,1015,53.333,-6.249
2021-07-12,23:00,15,19,14,4.0,4,92,295,11,60,0.0,1015,53.333,-6.249
2021-07-13,00:00,16,19,13,14.0,5,93,297,11,51,0.0,1016,53.333,-6.249
2021-07-13,01:00,16,19,13,14.0,5,93,296,11,40,0.0,1016,53.333,-6.249
2021-07-13,02:00,16,19,13,14.0,5,92,296,12,29,0.0,1016,53.333,-6.249
2021-07-13,03:00,16,19,13,14.0,5,92,295,13,18,0.0,1017,53.333,-6.249
2021-07-13,04:00,16,19,13,14.0,5,92,295,13,17,0.0,1017,53.333,-6.249
2021-07-13,05:00,16,19,13,14.0,5,92,295,14,15,0.0,1017,53.333,-6.249
2021-07-13,06:00,16,19,13,14.0,5,92,295,14,14,0.0,1017,53.333,-6.249
2021-07-13,07:00,16,19,13,14.0,5,88,302,14,13,0.0,1018,53.333,-6.249
2021-07-13,08:00,16,19,13,14.0,5,84,308,14,11,0.0,1018,53.333,-6.249
2021-07-13,09:00,16,19,13,14.0,5,80,314,14,10,0.0,1018,53.333,-6.249
2021-07-13,10:00,16,19,13,14.0,5,77,329,13,88,0.1,1018,53.333,-6.249
2021-07-13,11:00,16,19,13,14.0,5,74,344,12,72,0.1,1019,53.333,-6.249
2021-07-13,12:00,16,19,13,14.0,5,71,359,12,11,0.0,1019,53.333,-6.249
2021-07-13,13:00,16,19,13,14.0,5,70,258,10,18,0.0,1019,53.333,-6.249
2021-07-13,14:00,16,19,13,14.0,5,69,157,9,26,0.0,1019,53.333,-6.249
2021-07-13,15:00,16,19,13,14.0,5,69,57,8,33,0.0,1019,53.333,-6.249
2021-07-13,16:00,16,19,13,14.0,5,72,101,7,51,0.0,1019,53.333,-6.249
2021-07-13,17:00,16,19,13,14.0,5,75,145,6,69,0.0,1019,53.333,-6.249
2021-07-13,18:00,16,19,13,14.0,5,77,190,5,86,0.0,1020,53.333,-6.249
2021-07-13,19:00,16,19,13,14.0,5,79,211,5,71,0.0,1020,53.333,-6.249
2021-07-13,20:00,16,19,13,14.0,5,80,232,5,55,0.0,1020,53.333,-6.249
2021-07-13,21:00,16,19,13,14.0,5,81,253,5,39,0.0,1020,53.333,-6.249
2021-07-13,22:00,16,19,13,14.0,5,85,268,7,35,0.0,1020,53.333,-6.249
2021-07-13,23:00,16,19,13,14.0,5,88,282,8,31,0.0,1020,53.333,-6.249
2021-07-14,00:00,17,20,14,16.0,5,92,297,10,27,0.0,1020,53.333,-6.249
2021-07-14,01:00,17,20,14,16.0,5,92,296,10,24,0.0,1020,53.333,-6.249
2021-07-14,02:00,17,20,14,16.0,5,92,295,11,22,0.0,1020,53.333,-6.249
2021-07-14,03:00,17,20,14,16.0,5,92,293,11,19,0.0,1020,53.333,-6.249
2021-07-14,04:00,17,20,14,16.0,5,91,294,12,18,0.0,1021,53.333,-6.249
2021-07-14,05:00,17,20,14,16.0,5,91,294,9,18,0.0,1021,53.333,-6.249
2021-07-14,06:00,17,20,14,16.0,5,91,295,14,17,0.0,1021,53.333,-6.249
2021-07-14,07:00,17,20,14,16.0,5,86,298,14,14,0.0,1021,53.333,-6.249
2021-07-14,08:00,17,20,14,16.0,5,80,301,14,11,0.0,1022,53.333,-6.249
2021-07-14,09:00,17,20,14,16.0,5,75,304,14,8,0.0,1022,53.333,-6.249
2021-07-14,10:00,17,20,14,16.0,5,72,310,14,10,0.0,1022,53.333,-6.249
2021-07-14,11:00,17,20,14,16.0,5,70,316,13,13,0.0,1022,53.333,-6.249
2021-07-14,12:00,17,20,14,16.0,5,67,322,13,15,0.0,1022,53.333,-6.249
2021-07-14,13:00,17,20,14,16.0,5,68,225,9,17,0.0,1022,53.333,-6.249
2021-07-14,14:00,17,20,14,16.0,5,69,129,9,18,0.0,1022,53.333,-6.249
2021-07-14,15:00,17,20,14,16.0,5,71,32,7,20,0.0,1022,53.333,-6.249
2021-07-14,16:00,17,20,14,16.0,5,71,108,9,21,0.0,1022,53.333,-6.249
2021-07-14,17:00,17,20,14,16.0,5,72,184,10,22,0.0,1022,53.333,-6.249
2021-07-14,18:00,17,20,14,16.0,5,72,260,11,24,0.0,1022,53.333,-6.249
2021-07-14,19:00,17,20,14,16.0,5,76,268,12,30,0.0,1023,53.333,-6.249
2021-07-14,20:00,17,20,14,16.0,5,81,275,12,37,0.0,1023,53.333,-6.249
2021-07-14,21:00,17,20,14,16.0,5,85,283,10,44,0.0,1024,53.333,-6.249
2021-07-14,22:00,17,20,14,16.0,5,88,288,12,56,0.0,1024,53.333,-6.249
2021-07-14,23:00,17,20,14,16.0,5,91,293,15,68,0.0,1024,53.333,-6.249
2021-07-15,00:00,17,20,13,16.0,4,94,299,18,80,0.0,1024,53.333,-6.249
2021-07-15,01:00,17,20,13,16.0,4,94,298,18,69,0.0,1024,53.333,-6.249
2021-07-15,02:00,17,20,13,16.0,4,94,298,18,58,0.0,1024,53.333,-6.249
2021-07-15,03:00,17,20,13,16.0,4,94,298,19,47,0.0,1025,53.333,-6.249
2021-07-15,04:00,17,20,13,16.0,4,93,299,18,43,0.0,1025,53.333,-6.249
2021-07-15,05:00,17,20,13,16.0,4,92,301,18,39,0.0,1025,53.333,-6.249
2021-07-15,06:00,17,20,13,16.0,4,91,302,17,36,0.0,1026,53.333,-6.249
2021-07-15,07:00,17,20,13,16.0,4,85,309,18,25,0.0,1026,53.333,-6.249
2021-07-15,08:00,17,20,13,16.0,4,80,316,19,15,0.0,1026,53.333,-6.249
2021-07-15,09:00,17,20,13,16.0,4,74,323,15,5,0.0,1026,53.333,-6.249
2021-07-15,10:00,17,20,13,16.0,4,72,217,13,5,0.0,1026,53.333,-6.249
2021-07-15,11:00,17,20,13,16.0,4,70,111,12,4,0.0,1026,53.333,-6.249
2021-07-15,12:00,17,20,13,16.0,4,68,5,11,4,0.0,1026,53.333,-6.249
2021-07-15,13:00,17,20,13,16.0,4,69,23,10,4,0.0,1026,53.333,-6.249
2021-07-15,14:00,17,20,13,16.0,4,71,42,10,3,0.0,1027,53.333,-6.249
2021-07-15,15:00,17,20,13,16.0,4,73,60,9,3,0.0,1027,53.333,-6.249
2021-07-15,16:00,17,20,13,16.0,4,75,43,7,3,0.0,1027,53.333,-6.249
2021-07-15,17:00,17,20,13,16.0,4,77,26,6,3,0.0,1027,53.333,-6.249
2021-07-15,18:00,17,20,13,16.0,4,79,8,7,4,0.0,1027,53.333,-6.249
2021-07-15,19:00,17,20,13,16.0,4,80,124,6,4,0.0,1028,53.333,-6.249
2021-07-15,20:00,17,20,13,16.0,4,81,240,5,4,0.0,1028,53.333,-6.249
2021-07-15,21:00,17,20,13,16.0,4,82,355,4,4,0.0,1028,53.333,-6.249
2021-07-15,22:00,17,20,13,16.0,4,81,298,3,3,0.0,1028,53.333,-6.249
2021-07-15,23:00,17,20,13,16.0,4,80,240,3,1,0.0,1028,53.333,-6.249
2021-07-16,00:00,18,21,15,16.0,5,79,182,2,0,0.0,1028,53.333,-6.249
2021-07-16,01:00,18,21,15,16.0,5,80,213,2,73,0.1,1028,53.333,-6.249
2021-07-16,02:00,18,21,15,16.0,5,81,243,2,4,0.0,1028,53.333,-6.249
2021-07-16,03:00,18,21,15,16.0,5,83,273,2,6,0.0,1028,53.333,-6.249
2021-07-16,04:00,18,21,15,16.0,5,83,289,3,10,0.0,1028,53.333,-6.249
2021-07-16,05:00,18,21,15,16.0,5,83,304,4,14,0.0,1029,53.333,-6.249
2021-07-16,06:00,18,21,15,16.0,5,83,320,5,18,0.0,1029,53.333,-6.249
2021-07-16,07:00,18,21,15,16.0,5,80,332,6,20,0.0,1029,53.333,-6.249
2021-07-16,08:00,18,21,15,16.0,5,78,344,7,22,0.0,1029,53.333,-6.249
2021-07-16,09:00,18,21,15,16.0,5,75,356,7,24,0.0,1030,53.333,-6.249
2021-07-16,10:00,18,21,15,16.0,5,76,250,8,32,0.0,1030,53.333,-6.249
2021-07-16,11:00,18,21,15,16.0,5,77,145,9,39,0.0,1030,53.333,-6.249
2021-07-16,12:00,18,21,15,16.0,5,77,40,10,47,0.0,1030,53.333,-6.249
2021-07-16,13:00,18,21,15,16.0,5,77,52,9,39,0.0,1030,53.333,-6.249
2021-07-16,14:00,18,21,15,16.0,5,77,64,9,31,0.0,1030,53.333,-6.249
2021-07-16,15:00,18,21,15,16.0,5,77,76,8,24,0.0,1030,53.333,-6.249
2021-07-16,16:00,18,21,15,16.0,5,78,80,7,24,0.0,1030,53.333,-6.249
2021-07-16,17:00,18,21,15,16.0,5,79,83,6,24,0.0,1030,53.333,-6.249
2021-07-16,18:00,18,21,15,16.0,5,79,87,5,24,0.0,1030,53.333,-6.249
2021-07-16,19:00,18,21,15,16.0,5,82,79,3,16,0.0,1031,53.333,-6.249
2021-07-16,20:00,18,21,15,16.0,5,84,70,2,8,0.0,1031,53.333,-6.249
2021-07-16,21:00,18,21,15,16.0,5,87,62,1,0,0.0,1031,53.333,-6.249
2021-07-16,22:00,18,21,15,16.0,5,86,142,1,3,0.0,1031,53.333,-6.249
2021-07-16,23:00,18,21,15,16.0,5,86,221,0,7,0.0,1031,53.333,-6.249
2021-07-17,00:00,19,22,16,16.0,5,86,301,0,10,0.0,1031,53.333,-6.249
2021-07-17,01:00,19,22,16,16.0,5,86,302,1,10,0.0,1031,53.333,-6.249
2021-07-17,02:00,19,22,16,16.0,5,87,304,1,9,0.0,1031,53.333,-6.249
2021-07-17,03:00,19,22,16,16.0,5,88,305,2,9,0.0,1031,53.333,-6.249
2021-07-17,04:00,19,22,16,16.0,5,87,316,3,8,0.0,1031,53.333,-6.249
2021-07-17,05:00,19,22,16,16.0,5,86,326,3,6,0.0,1031,53.333,-6.249
2021-07-17,06:00,19,22,16,16.0,5,86,337,4,5,0.0,1031,53.333,-6.249
2021-07-17,07:00,19,22,16,16.0,5,83,233,5,4,0.0,1031,53.333,-6.249
2021-07-17,08:00,19,22,16,16.0,5,80,129,5,3,0.0,1032,53.333,-6.249
2021-07-17,09:00,19,22,16,16.0,5,78,25,6,2,0.0,1032,53.333,-6.249
2021-07-17,10:00,19,22,16,16.0,5,77,37,7,2,0.0,1032,53.333,-6.249
2021-07-17,11:00,19,22,16,16.0,5,76,50,7,2,0.0,1031,53.333,-6.249
2021-07-17,12:00,19,22,16,16.0,5,76,62,8,2,0.0,1031,53.333,-6.249
2021-07-17,13:00,19,22,16,16.0,5,76,67,7,2,0.0,1031,53.333,-6.249
2021-07-17,14:00,19,22,16,16.0,5,76,71,7,3,0.0,1031,53.333,-6.249
2021-07-17,15:00,19,22,16,16.0,5,76,75,7,3,0.0,1030,53.333,-6.249
2021-07-17,16:00,19,22,16,16.0,5,75,91,6,3,0.0,1030,53.333,-6.249
2021-07-17,17:00,19,22,16,16.0,5,75,108,6,3,0.0,1030,53.333,-6.249
2021-07-17,18:00,19,22,16,16.0,5,75,124,5,3,0.0,1030,53.333,-6.249
2021-07-17,19:00,19,22,16,16.0,5,76,133,5,3,0.0,1030,53.333,-6.249
2021-07-17,20:00,19,22,16,16.0,5,78,142,5,3,0.0,1030,53.333,-6.249
2021-07-17,21:00,19,22,16,16.0,5,79,151,5,3,0.0,1030,53.333,-6.249
2021-07-17,22:00,19,22,16,16.0,5,83,202,7,5,0.0,1029,53.333,-6.249
2021-07-17,23:00,19,22,16,16.0,5,87,252,8,6,0.0,1029,53.333,-6.249
2021-07-18,00:00,18,20,15,16.0,5,91,303,9,7,0.0,1028,53.333,-6.249
2021-07-18,01:00,18,20,15,16.0,5,92,308,9,8,0.0,1028,53.333,-6.249
2021-07-18,02:00,18,20,15,16.0,5,92,312,8,9,0.0,1028,53.333,-6.249
2021-07-18,03:00,18,20,15,16.0,5,93,317,8,10,0.0,1028,53.333,-6.249
2021-07-18,04:00,18,20,15,16.0,5,92,316,8,9,0.0,1028,53.333,-6.249
2021-07-18,05:00,18,20,15,16.0,5,91,314,9,7,0.0,1028,53.333,-6.249
2021-07-18,06:00,18,20,15,16.0,5,90,313,9,6,0.0,1028,53.333,-6.249
2021-07-18,07:00,18,20,15,16.0,5,84,322,9,5,0.0,1028,53.333,-6.249
2021-07-18,08:00,18,20,15,16.0,5,78,330,9,4,0.0,1028,53.333,-6.249
2021-07-18,09:00,18,20,15,16.0,5,72,339,9,4,0.0,1028,53.333,-6.249
2021-07-18,10:00,18,20,15,16.0,5,71,235,10,4,0.0,1027,53.333,-6.249
2021-07-18,11:00,18,20,15,16.0,5,70,131,10,4,0.0,1027,53.333,-6.249
2021-07-18,12:00,18,20,15,16.0,5,68,27,10,4,0.0,1027,53.333,-6.249
2021-07-18,13:00,18,20,15,16.0,5,69,48,9,6,0.0,1027,53.333,-6.249
2021-07-18,14:00,18,20,15,16.0,5,70,70,7,9,0.0,1027,53.333,-6.249
2021-07-18,15:00,18,20,15,16.0,5,70,91,6,12,0.0,1026,53.333,-6.249
2021-07-18,16:00,18,20,15,16.0,5,72,98,10,18,0.0,1026,53.333,-6.249
2021-07-18,17:00,18,20,15,16.0,5,74,105,10,24,0.0,1026,53.333,-6.249
2021-07-18,18:00,18,20,15,16.0,5,76,111,6,30,0.0,1025,53.333,-6.249
2021-07-18,19:00,18,20,15,16.0,5,78,111,6,36,0.0,1025,53.333,-6.249
2021-07-18,20:00,18,20,15,16.0,5,80,111,6,42,0.0,1025,53.333,-6.249
2021-07-18,21:00,18,20,15,16.0,5,83,111,5,48,0.0,1026,53.333,-6.249
2021-07-18,22:00,18,20,15,16.0,5,86,101,5,50,0.0,1026,53.333,-6.249
2021-07-18,23:00,18,20,15,16.0,5,89,91,5,51,0.0,1026,53.333,-6.249
2021-07-19,00:00,17,19,14,16.0,5,92,80,5,53,0.0,1026,53.333,-6.249
2021-07-19,01:00,17,19,14,16.0,5,91,94,4,38,0.0,1025,53.333,-6.249
2021-07-19,02:00,17,19,14,16.0,5,91,107,3,24,0.0,1025,53.333,-6.249
2021-07-19,03:00,17,19,14,16.0,5,91,120,2,9,0.0,1025,53.333,-6.249
2021-07-19,04:00,17,19,14,16.0,5,90,101,2,13,0.0,1025,53.333,-6.249
2021-07-19,05:00,17,19,14,16.0,5,89,82,2,18,0.0,1025,53.333,-6.249
2021-07-19,06:00,17,19,14,16.0,5,89,63,1,22,0.0,1025,53.333,-6.249
2021-07-19,07:00,17,19,14,16.0,5,86,59,3,22,0.0,1025,53.333,-6.249
2021-07-19,08:00,17,19,14,16.0,5,84,55,5,23,0.0,1025,53.333,-6.249
2021-07-19,09:00,17,19,14,16.0,5,81,50,7,23,0.0,1025,53.333,-6.249
2021-07-19,10:00,17,19,14,16.0,5,79,52,8,25,0.0,1025,53.333,-6.249
2021-07-19,11:00,17,19,14,16.0,5,78,53,9,27,0.0,1025,53.333,-6.249
2021-07-19,12:00,17,19,14,16.0,5,76,54,10,28,0.0,1025,53.333,-6.249
2021-07-19,13:00,17,19,14,16.0,5,76,57,9,20,0.0,1025,53.333,-6.249
2021-07-19,14:00,17,19,14,16.0,5,75,60,9,13,0.0,1024,53.333,-6.249
2021-07-19,15:00,17,19,14,16.0,5,75,63,8,5,0.0,1024,53.333,-6.249
2021-07-19,16:00,17,19,14,16.0,5,75,65,7,4,0.0,1024,53.333,-6.249
2021-07-19,17:00,17,19,14,16.0,5,75,67,5,3,0.0,1024,53.333,-6.249
2021-07-19,18:00,17,19,14,16.0,5,75,69,4,3,0.0,1024,53.333,-6.249
2021-07-19,19:00,17,19,14,16.0,5,77,72,3,3,0.0,1024,53.333,-6.249
2021-07-19,20:00,17,19,14,16.0,5,79,76,3,3,0.0,1024,53.333,-6.249
2021-07-19,21:00,17,19,14,16.0,5,81,79,3,3,0.0,1024,53.333,-6.249
2021-07-19,22:00,17,19,14,16.0,5,80,85,2,6,0.0,1024,53.333,-6.249
2021-07-19,23:00,17,19,14,16.0,5,79,91,2,9,0.0,1023,53.333,-6.249
2021-07-20,00:00,18,21,16,12.0,5,78,97,2,12,0.0,1023,53.333,-6.249
2021-07-20,01:00,18,21,16,12.0,5,78,80,2,11,0.0,1023,53.333,-6.249
2021-07-20,02:00,18,21,16,12.0,5,78,63,1,9,0.0,1022,53.333,-6.249
2021-07-20,03:00,18,21,16,12.0,5,78,45,1,7,0.0,1022,53.333,-6.249
2021-07-20,04:00,18,21,16,12.0,5,77,45,2,10,0.0,1022,53.333,-6.249
2021-07-20,05:00,18,21,16,12.0,5,76,44,3,13,0.0,1022,53.333,-6.249
2021-07-20,06:00,18,21,16,12.0,5,75,44,4,15,0.0,1022,53.333,-6.249
2021-07-20,07:00,18,21,16,12.0,5,72,50,5,13,0.0,1022,53.333,-6.249
2021-07-20,08:00,18,21,16,12.0,5,69,56,6,11,0.0,1023,53.333,-6.249
2021-07-20,09:00,18,21,16,12.0,5,66,63,6,10,0.0,1023,53.333,-6.249
2021-07-20,10:00,18,21,16,12.0,5,67,66,7,8,0.0,1023,53.333,-6.249
2021-07-20,11:00,18,21,16,12.0,5,67,69,8,7,0.0,1023,53.333,-6.249
2021-07-20,12:00,18,21,16,12.0,5,68,73,8,5,0.0,1023,53.333,-6.249
2021-07-20,13:00,18,21,16,12.0,5,67,83,8,29,0.0,1023,53.333,-6.249
2021-07-20,14:00,18,21,16,12.0,5,66,93,8,53,0.0,1023,53.333,-6.249
2021-07-20,15:00,18,21,16,12.0,5,65,102,8,77,0.0,1023,53.333,-6.249
2021-07-20,16:00,18,21,16,12.0,5,66,107,8,77,0.0,1023,53.333,-6.249
2021-07-20,17:00,18,21,16,12.0,5,67,113,8,77,0.0,1023,53.333,-6.249
2021-07-20,18:00,18,21,16,12.0,5,67,118,8,77,0.0,1023,53.333,-6.249
2021-07-20,19:00,18,21,16,12.0,5,70,130,8,52,0.0,1023,53.333,-6.249
2021-07-20,20:00,18,21,16,12.0,5,73,143,8,27,0.0,1023,53.333,-6.249
2021-07-20,21:00,18,21,16,12.0,5,77,156,8,1,0.0,1023,53.333,-6.249
2021-07-20,22:00,18,21,16,12.0,5,81,148,7,5,0.0,1023,53.333,-6.249
2021-07-20,23:00,18,21,16,12.0,5,85,140,5,8,0.0,1023,53.333,-6.249
2021-07-21,00:00,19,21,16,16.0,5,89,132,4,11,0.0,1023,53.333,-6.249
2021-07-21,01:00,19,21,16,16.0,5,89,118,4,10,0.0,1023,53.333,-6.249
2021-07-21,02:00,19,21,16,16.0,5,89,105,4,9,0.0,1023,53.333,-6.249
2021-07-21,03:00,19,21,16,16.0,5,89,91,4,9,0.0,1023,53.333,-6.249
2021-07-21,04:00,19,21,16,16.0,5,88,86,4,9,0.0,1023,53.333,-6.249
2021-07-21,05:00,19,21,16,16.0,5,87,80,4,9,0.0,1023,53.333,-6.249
2021-07-21,06:00,19,21,16,16.0,5,86,74,4,9,0.0,1023,53.333,-6.249
2021-07-21,07:00,19,21,16,16.0,5,83,71,6,7,0.0,1024,53.333,-6.249
2021-07-21,08:00,19,21,16,16.0,5,81,69,7,5,0.0,1024,53.333,-6.249
2021-07-21,09:00,19,21,16,16.0,5,78,66,8,3,0.0,1024,53.333,-6.249
2021-07-21,10:00,19,21,16,16.0,5,77,66,9,3,0.0,1024,53.333,-6.249
2021-07-21,11:00,19,21,16,16.0,5,76,67,9,3,0.0,1024,53.333,-6.249
2021-07-21,12:00,19,21,16,16.0,5,75,67,9,3,0.0,1024,53.333,-6.249
2021-07-21,13:00,19,21,16,16.0,5,74,70,9,2,0.0,1024,53.333,-6.249
2021-07-21,14:00,19,21,16,16.0,5,73,72,9,1,0.0,1024,53.333,-6.249
2021-07-21,15:00,19,21,16,16.0,5,73,75,9,0,0.0,1024,53.333,-6.249
2021-07-21,16:00,19,21,16,16.0,5,73,76,8,3,0.0,1024,53.333,-6.249
2021-07-21,17:00,19,21,16,16.0,5,73,78,7,5,0.0,1024,53.333,-6.249
2021-07-21,18:00,19,21,16,16.0,5,74,79,6,7,0.0,1023,53.333,-6.249
2021-07-21,19:00,19,21,16,16.0,5,76,92,6,10,0.0,1023,53.333,-6.249
2021-07-21,20:00,19,21,16,16.0,5,79,105,5,14,0.0,1024,53.333,-6.249
2021-07-21,21:00,19,21,16,16.0,5,82,119,4,17,0.0,1024,53.333,-6.249
2021-07-21,22:00,19,21,16,16.0,5,82,131,5,41,0.0,1024,53.333,-6.249
2021-07-21,23:00,19,21,16,16.0,5,83,142,5,66,0.0,1024,53.333,-6.249
2021-07-22,00:00,19,22,17,16.0,4,83,154,5,90,0.0,1024,53.333,-6.249
2021-07-22,01:00,19,22,17,16.0,4,83,140,5,70,0.0,1024,53.333,-6.249
2021-07-22,02:00,19,22,17,16.0,4,83,126,4,50,0.0,1023,53.333,-6.249
2021-07-22,03:00,19,22,17,16.0,4,83,111,4,29,0.0,1023,53.333,-6.249
2021-07-22,04:00,19,22,17,16.0,4,82,106,4,37,0.0,1023,53.333,-6.249
2021-07-22,05:00,19,22,17,16.0,4,81,100,4,45,0.0,1023,53.333,-6.249
2021-07-22,06:00,19,22,17,16.0,4,81,95,4,52,0.0,1023,53.333,-6.249
2021-07-22,07:00,19,22,17,16.0,4,78,92,5,50,0.0,1023,53.333,-6.249
2021-07-22,08:00,19,22,17,16.0,4,75,89,5,47,0.0,1023,53.333,-6.249
2021-07-22,09:00,19,22,17,16.0,4,72,86,6,44,0.0,1023,53.333,-6.249
2021-07-22,10:00,19,22,17,16.0,4,71,84,7,44,0.0,1023,53.333,-6.249
2021-07-22,11:00,19,22,17,16.0,4,70,82,8,45,0.0,1023,53.333,-6.249
2021-07-22,12:00,19,22,17,16.0,4,69,80,9,45,0.0,1023,53.333,-6.249
2021-07-22,13:00,19,22,17,16.0,4,70,88,10,46,0.0,1023,53.333,-6.249
2021-07-22,14:00,19,22,17,16.0,4,70,96,10,47,0.0,1022,53.333,-6.249
2021-07-22,15:00,19,22,17,16.0,4,71,103,10,49,0.0,1022,53.333,-6.249
2021-07-22,16:00,19,22,17,16.0,4,73,103,9,43,0.0,1022,53.333,-6.249
2021-07-22,17:00,19,22,17,16.0,4,75,104,8,37,0.0,1021,53.333,-6.249
2021-07-22,18:00,19,22,17,16.0,4,77,104,7,31,0.0,1021,53.333,-6.249
2021-07-22,19:00,19,22,17,16.0,4,81,111,7,30,0.0,1021,53.333,-6.249
2021-07-22,20:00,19,22,17,16.0,4,84,119,6,29,0.0,1021,53.333,-6.249
2021-07-22,21:00,19,22,17,16.0,4,88,127,6,28,0.0,1021,53.333,-6.249
2021-07-22,22:00,19,22,17,16.0,4,86,120,5,22,0.0,1021,53.333,-6.249
2021-07-22,23:00,19,22,17,16.0,4,85,114,4,16,0.0,1020,53.333,-6.249
2021-07-23,00:00,19,21,17,12.0,5,84,107,3,10,0.0,1020,53.333,-6.249
2021-07-23,01:00,19,21,17,12.0,5,83,88,3,18,0.0,1019,53.333,-6.249
2021-07-23,02:00,19,21,17,12.0,5,83,68,3,25,0.0,1019,53.333,-6.249
2021-07-23,03:00,19,21,17,12.0,5,82,48,4,33,0.0,1019,53.333,-6.249
2021-07-23,04:00,19,21,17,12.0,5,82,41,4,29,0.0,1018,53.333,-6.249
2021-07-23,05:00,19,21,17,12.0,5,81,34,4,26,0.0,1018,53.333,-6.249
2021-07-23,06:00,19,21,17,12.0,5,81,27,5,22,0.0,1018,53.333,-6.249
2021-07-23,07:00,19,21,17,12.0,5,82,32,5,23,0.0,1017,53.333,-6.249
2021-07-23,08:00,19,21,17,12.0,5,82,37,6,25,0.0,1017,53.333,-6.249
2021-07-23,09:00,19,21,17,12.0,5,83,43,6,26,0.0,1016,53.333,-6.249
2021-07-23,10:00,19,21,17,12.0,5,82,57,7,41,0.0,1016,53.333,-6.249
2021-07-23,11:00,19,21,17,12.0,5,81,71,8,55,0.0,1016,53.333,-6.249
2021-07-23,12:00,19,21,17,12.0,5,80,85,9,70,0.0,1016,53.333,-6.249
2021-07-23,13:00,19,21,17,12.0,5,79,73,9,71,0.0,1015,53.333,-6.249
2021-07-23,14:00,19,21,17,12.0,5,78,60,10,73,0.0,1014,53.333,-6.249
2021-07-23,15:00,19,21,17,12.0,5,77,48,10,75,0.0,1014,53.333,-6.249
2021-07-23,16:00,19,21,17,12.0,5,79,45,11,78,0.0,1013,53.333,-6.249
2021-07-23,17:00,19,21,17,12.0,5,81,42,12,82,0.0,1013,53.333,-6.249
2021-07-23,18:00,19,21,17,12.0,5,84,39,13,85,0.0,1012,53.333,-6.249
2021-07-23,19:00,19,21,17,12.0,5,87,41,11,79,0.0,1012,53.333,-6.249
2021-07-23,20:00,19,21,17,12.0,5,90,43,9,74,0.0,1012,53.333,-6.249
2021-07-23,21:00,19,21,17,12.0,5,94,46,6,68,0.0,1012,53.333,-6.249
2021-07-23,22:00,19,21,17,12.0,5,93,49,7,63,0.0,1012,53.333,-6.249
2021-07-23,23:00,19,21,17,12.0,5,93,53,8,57,0.0,1012,53.333,-6.249
2021-07-24,00:00,17,18,15,9.0,5,93,57,9,52,0.0,1012,53.333,-6.249
2021-07-24,01:00,17,18,15,9.0,5,90,59,12,51,0.0,1012,53.333,-6.249
2021-07-24,02:00,17,18,15,9.0,5,88,62,16,49,0.0,1011,53.333,-6.249
2021-07-24,03:00,17,18,15,9.0,5,86,64,19,47,0.0,1011,53.333,-6.249
2021-07-24,04:00,17,18,15,9.0,5,86,70,18,58,0.0,1011,53.333,-6.249
2021-07-24,05:00,17,18,15,9.0,5,87,76,18,68,0.0,1011,53.333,-6.249
2021-07-24,06:00,17,18,15,9.0,5,87,82,17,78,0.0,1011,53.333,-6.249
2021-07-24,07:00,17,18,15,9.0,5,86,72,17,85,0.0,1011,53.333,-6.249
2021-07-24,08:00,17,18,15,9.0,5,85,63,17,92,0.0,1011,53.333,-6.249
2021-07-24,09:00,17,18,15,9.0,5,85,53,17,99,0.0,1011,53.333,-6.249
2021-07-24,10:00,17,18,15,9.0,5,83,54,17,78,0.0,1011,53.333,-6.249
2021-07-24,11:00,17,18,15,9.0,5,82,56,18,58,0.0,1011,53.333,-6.249
2021-07-24,12:00,17,18,15,9.0,5,81,57,18,37,0.0,1011,53.333,-6.249
2021-07-24,13:00,17,18,15,9.0,5,82,59,18,49,0.0,1011,53.333,-6.249
2021-07-24,14:00,17,18,15,9.0,5,84,61,18,61,0.0,1011,53.333,-6.249
2021-07-24,15:00,17,18,15,9.0,5,85,64,18,72,0.0,1011,53.333,-6.249
2021-07-24,16:00,17,18,15,9.0,5,87,54,15,67,0.0,1011,53.333,-6.249
2021-07-24,17:00,17,18,15,9.0,5,89,44,12,62,0.0,1010,53.333,-6.249
2021-07-24,18:00,17,18,15,9.0,5,91,34,10,57,0.0,1010,53.333,-6.249
2021-07-24,19:00,17,18,15,9.0,5,90,137,9,71,0.0,1010,53.333,-6.249
2021-07-24,20:00,17,18,15,9.0,5,89,240,9,86,0.0,1011,53.333,-6.249
2021-07-24,21:00,17,18,15,9.0,5,89,344,9,100,0.0,1011,53.333,-6.249
2021-07-24,22:00,17,18,15,9.0,5,87,334,9,72,0.0,1011,53.333,-6.249
2021-07-24,23:00,17,18,15,9.0,5,85,324,9,44,0.0,1011,53.333,-6.249
2021-07-25,00:00,17,21,14,11.0,5,83,315,9,16,0.0,1011,53.333,-6.249
2021-07-25,01:00,17,21,14,11.0,5,83,314,9,18,0.0,1011,53.333,-6.249
2021-07-25,02:00,17,21,14,11.0,5,84,314,9,20,0.0,1011,53.333,-6.249
2021-07-25,03:00,17,21,14,11.0,5,84,313,10,22,0.0,1010,53.333,-6.249
2021-07-25,04:00,17,21,14,11.0,5,83,308,10,17,0.0,1010,53.333,-6.249
2021-07-25,05:00,17,21,14,11.0,5,81,304,10,13,0.0,1011,53.333,-6.249
2021-07-25,06:00,17,21,14,11.0,5,80,299,10,8,0.0,1011,53.333,-6.249
2021-07-25,07:00,17,21,14,11.0,5,77,313,10,14,0.0,1011,53.333,-6.249
2021-07-25,08:00,17,21,14,11.0,5,74,328,10,19,0.0,1011,53.333,-6.249
2021-07-25,09:00,17,21,14,11.0,5,72,343,10,25,0.0,1011,53.333,-6.249
2021-07-25,10:00,17,21,14,11.0,5,72,240,10,33,0.0,1011,53.333,-6.249
2021-07-25,11:00,17,21,14,11.0,5,72,137,10,41,0.0,1011,53.333,-6.249
2021-07-25,12:00,17,21,14,11.0,5,73,35,10,49,0.0,1011,53.333,-6.249
2021-07-25,13:00,17,21,14,11.0,5,75,142,9,59,0.0,1011,53.333,-6.249
2021-07-25,14:00,17,21,14,11.0,5,78,249,7,68,0.0,1011,53.333,-6.249
2021-07-25,15:00,17,21,14,11.0,5,81,356,5,78,0.0,1011,53.333,-6.249
2021-07-25,16:00,17,21,14,11.0,5,81,312,4,76,0.0,1011,53.333,-6.249
2021-07-25,17:00,17,21,14,11.0,5,82,268,2,74,0.0,1011,53.333,-6.249
2021-07-25,18:00,17,21,14,11.0,5,82,224,1,72,0.0,1011,53.333,-6.249
2021-07-25,19:00,17,21,14,11.0,5,84,250,1,77,0.0,1011,53.333,-6.249
2021-07-25,20:00,17,21,14,11.0,5,86,277,2,83,0.0,1011,53.333,-6.249
2021-07-25,21:00,17,21,14,11.0,5,88,304,2,88,0.0,1012,53.333,-6.249
2021-07-25,22:00,17,21,14,11.0,5,87,297,4,86,0.0,1011,53.333,-6.249
2021-07-25,23:00,17,21,14,11.0,5,87,290,6,84,0.0,1011,53.333,-6.249
2021-07-26,00:00,17,20,14,8.0,4,87,283,7,82,0.0,1011,53.333,-6.249
2021-07-26,01:00,17,20,14,8.0,4,88,290,9,57,0.0,1011,53.333,-6.249
2021-07-26,02:00,17,20,14,8.0,4,89,297,11,31,0.0,1011,53.333,-6.249
2021-07-26,03:00,17,20,14,8.0,4,90,303,12,6,0.0,1011,53.333,-6.249
2021-07-26,04:00,17,20,14,8.0,4,88,298,10,7,0.0,1011,53.333,-6.249
2021-07-26,05:00,17,20,14,8.0,4,85,293,15,9,0.0,1011,53.333,-6.249
2021-07-26,06:00,17,20,14,8.0,4,83,288,13,10,0.0,1012,53.333,-6.249
2021-07-26,07:00,17,20,14,8.0,4,81,295,13,19,0.0,1012,53.333,-6.249
2021-07-26,08:00,17,20,14,8.0,4,79,301,12,28,0.0,1012,53.333,-6.249
2021-07-26,09:00,17,20,14,8.0,4,78,308,12,37,0.0,1012,53.333,-6.249
2021-07-26,10:00,17,20,14,8.0,4,75,319,16,51,0.0,1012,53.333,-6.249
2021-07-26,11:00,17,20,14,8.0,4,72,330,14,65,0.0,1012,53.333,-6.249
2021-07-26,12:00,17,20,14,8.0,4,70,341,13,79,0.0,1012,53.333,-6.249
2021-07-26,13:00,17,20,14,8.0,4,71,248,9,77,0.0,1011,53.333,-6.249
2021-07-26,14:00,17,20,14,8.0,4,73,156,5,74,0.0,1011,53.333,-6.249
2021-07-26,15:00,17,20,14,8.0,4,75,63,1,72,0.0,1011,53.333,-6.249
2021-07-26,16:00,17,20,14,8.0,4,77,146,3,81,0.0,1011,53.333,-6.249
2021-07-26,17:00,17,20,14,8.0,4,79,230,6,91,0.0,1011,53.333,-6.249
2021-07-26,18:00,17,20,14,8.0,4,81,314,8,100,0.5,1011,53.333,-6.249
2021-07-26,19:00,17,20,14,8.0,4,84,310,9,98,0.5,1011,53.333,-6.249
2021-07-26,20:00,17,20,14,8.0,4,86,306,11,96,0.6,1011,53.333,-6.249
2021-07-26,21:00,17,20,14,8.0,4,89,301,13,95,0.7,1012,53.333,-6.249
2021-07-26,22:00,17,20,14,8.0,4,89,294,8,84,0.3,1010,53.333,-6.249
2021-07-26,23:00,17,20,14,8.0,4,89,286,12,74,0.0,1009,53.333,-6.249
2021-07-27,00:00,16,17,13,2.0,4,89,279,12,64,0.0,1008,53.333,-6.249
2021-07-27,01:00,16,17,13,2.0,4,91,281,8,67,0.0,1008,53.333,-6.249
2021-07-27,02:00,16,17,13,2.0,4,93,282,8,69,0.1,1008,53.333,-6.249
2021-07-27,03:00,16,17,13,2.0,4,95,284,8,72,0.1,1008,53.333,-6.249
2021-07-27,04:00,16,17,13,2.0,4,96,285,8,81,0.4,1008,53.333,-6.249
2021-07-27,05:00,16,17,13,2.0,4,96,286,9,91,0.2,1008,53.333,-6.249
2021-07-27,06:00,16,17,13,2.0,4,96,288,9,100,0.0,1008,53.333,-6.249
2021-07-27,07:00,16,17,13,2.0,4,95,289,11,100,0.1,1008,53.333,-6.249
2021-07-27,08:00,16,17,13,2.0,4,93,290,12,100,0.2,1009,53.333,-6.249
2021-07-27,09:00,16,17,13,2.0,4,92,291,13,100,0.0,1009,53.333,-6.249
2021-07-27,10:00,16,17,13,2.0,4,90,298,14,100,0.0,1009,53.333,-6.249
2021-07-27,11:00,16,17,13,2.0,4,89,306,13,100,0.1,1009,53.333,-6.249
2021-07-27,12:00,16,17,13,2.0,4,88,313,13,100,0.3,1010,53.333,-6.249
2021-07-27,13:00,16,17,13,2.0,4,82,313,16,96,1.5,1010,53.333,-6.249
2021-07-27,14:00,16,17,13,2.0,4,77,314,13,92,1.3,1010,53.333,-6.249
2021-07-27,15:00,16,17,13,2.0,4,72,314,10,88,1.0,1010,53.333,-6.249
2021-07-27,16:00,16,17,13,2.0,4,73,297,9,82,1.0,1010,53.333,-6.249
2021-07-27,17:00,16,17,13,2.0,4,75,279,8,77,0.6,1009,53.333,-6.249
2021-07-27,18:00,16,17,13,2.0,4,76,261,12,71,0.0,1009,53.333,-6.249
2021-07-27,19:00,16,17,13,2.0,4,80,260,8,74,0.5,1009,53.333,-6.249
2021-07-27,20:00,16,17,13,2.0,4,83,259,9,77,0.3,1010,53.333,-6.249
2021-07-27,21:00,16,17,13,2.0,4,87,257,10,80,0.2,1010,53.333,-6.249
2021-07-27,22:00,16,17,13,2.0,4,88,259,12,58,0.0,1009,53.333,-6.249
2021-07-27,23:00,16,17,13,2.0,4,89,260,13,36,0.0,1008,53.333,-6.249
2021-07-28,00:00,14,16,12,2.0,4,91,261,15,14,0.0,1007,53.333,-6.249
2021-07-28,01:00,14,16,12,2.0,4,91,261,15,26,0.0,1006,53.333,-6.249
2021-07-28,02:00,14,16,12,2.0,4,91,261,15,39,0.0,1006,53.333,-6.249
2021-07-28,03:00,14,16,12,2.0,4,92,261,15,51,0.0,1006,53.333,-6.249
2021-07-28,04:00,14,16,12,2.0,4,91,252,13,59,0.0,1006,53.333,-6.249
2021-07-28,05:00,14,16,12,2.0,4,89,244,11,67,0.0,1006,53.333,-6.249
2021-07-28,06:00,14,16,12,2.0,4,88,235,9,75,0.0,1005,53.333,-6.249
2021-07-28,07:00,14,16,12,2.0,4,86,242,9,79,0.6,1005,53.333,-6.249
2021-07-28,08:00,14,16,12,2.0,4,84,249,12,83,0.6,1005,53.333,-6.249
2021-07-28,09:00,14,16,12,2.0,4,82,256,12,87,0.2,1005,53.333,-6.249
2021-07-28,10:00,14,16,12,2.0,4,78,261,14,83,0.1,1004,53.333,-6.249
2021-07-28,11:00,14,16,12,2.0,4,75,266,17,79,0.2,1004,53.333,-6.249
2021-07-28,12:00,14,16,12,2.0,4,71,271,18,75,0.2,1004,53.333,-6.249
2021-07-28,13:00,14,16,12,2.0,4,70,266,22,77,0.2,1004,53.333,-6.249
2021-07-28,14:00,14,16,12,2.0,4,69,260,20,79,0.2,1004,53.333,-6.249
2021-07-28,15:00,14,16,12,2.0,4,68,255,23,81,0.0,1004,53.333,-6.249
2021-07-28,16:00,14,16,12,2.0,4,69,255,26,80,0.0,1004,53.333,-6.249
2021-07-28,17:00,14,16,12,2.0,4,70,255,22,79,0.3,1004,53.333,-6.249
2021-07-28,18:00,14,16,12,2.0,4,70,256,22,78,0.0,1004,53.333,-6.249
2021-07-28,19:00,14,16,12,2.0,4,73,253,21,54,0.8,1004,53.333,-6.249
2021-07-28,20:00,14,16,12,2.0,4,75,250,21,88,1.1,1004,53.333,-6.249
2021-07-28,21:00,14,16,12,2.0,4,78,247,20,81,0.3,1004,53.333,-6.249
2021-07-28,22:00,14,16,12,2.0,4,80,255,23,15,0.0,1005,53.333,-6.249
2021-07-28,23:00,14,16,12,2.0,4,82,263,27,25,0.0,1005,53.333,-6.249
2021-07-29,00:00,14,18,12,13.0,4,84,272,31,34,0.0,1006,53.333,-6.249
2021-07-29,01:00,14,18,12,13.0,4,85,271,30,26,0.0,1006,53.333,-6.249
2021-07-29,02:00,14,18,12,13.0,4,85,270,28,19,0.0,1006,53.333,-6.249
2021-07-29,03:00,14,18,12,13.0,4,86,269,27,11,0.0,1006,53.333,-6.249
2021-07-29,04:00,14,18,12,13.0,4,82,268,28,9,0.0,1006,53.333,-6.249
2021-07-29,05:00,14,18,12,13.0,4,77,267,29,6,0.0,1006,53.333,-6.249
2021-07-29,06:00,14,18,12,13.0,4,73,265,27,4,0.0,1006,53.333,-6.249
2021-07-29,07:00,14,18,12,13.0,4,72,269,30,12,0.0,1006,53.333,-6.249
2021-07-29,08:00,14,18,12,13.0,4,71,272,30,20,0.0,1007,53.333,-6.249
2021-07-29,09:00,14,18,12,13.0,4,70,275,31,28,0.0,1007,53.333,-6.249
2021-07-29,10:00,14,18,12,13.0,4,66,277,28,49,0.0,1007,53.333,-6.249
2021-07-29,11:00,14,18,12,13.0,4,62,279,25,69,0.0,1007,53.333,-6.249
2021-07-29,12:00,14,18,12,13.0,4,59,280,23,89,0.0,1007,53.333,-6.249
2021-07-29,13:00,14,18,12,13.0,4,60,282,18,82,0.0,1007,53.333,-6.249
2021-07-29,14:00,14,18,12,13.0,4,62,284,17,75,0.0,1007,53.333,-6.249
2021-07-29,15:00,14,18,12,13.0,4,64,286,15,67,0.0,1007,53.333,-6.249
2021-07-29,16:00,14,18,12,13.0,4,68,284,12,71,0.0,1007,53.333,-6.249
2021-07-29,17:00,14,18,12,13.0,4,72,282,10,74,0.0,1007,53.333,-6.249
2021-07-29,18:00,14,18,12,13.0,4,76,280,8,77,0.0,1008,53.333,-6.249
2021-07-29,19:00,14,18,12,13.0,4,80,273,8,70,0.0,1008,53.333,-6.249
2021-07-29,20:00,14,18,12,13.0,4,85,267,9,63,0.0,1008,53.333,-6.249
2021-07-29,21:00,14,18,12,13.0,4,89,260,13,56,0.0,1008,53.333,-6.249
2021-07-29,22:00,14,18,12,13.0,4,89,260,9,55,0.0,1008,53.333,-6.249
2021-07-29,23:00,14,18,12,13.0,4,89,260,9,54,0.4,1009,53.333,-6.249
2021-07-30,00:00,15,17,13,11.0,3,90,260,9,53,0.7,1009,53.333,-6.249
2021-07-30,01:00,15,17,13,11.0,3,90,262,14,54,0.5,1009,53.333,-6.249
2021-07-30,02:00,15,17,13,11.0,3,90,264,14,55,0.0,1009,53.333,-6.249
2021-07-30,03:00,15,17,13,11.0,3,90,267,14,56,0.4,1009,53.333,-6.249
2021-07-30,04:00,15,17,13,11.0,3,91,270,15,65,0.4,1009,53.333,-6.249
2021-07-30,05:00,15,17,13,11.0,3,92,273,16,75,0.5,1009,53.333,-6.249
2021-07-30,06:00,15,17,13,11.0,3,93,277,16,84,0.3,1009,53.333,-6.249
2021-07-30,07:00,15,17,13,11.0,3,92,278,17,83,0.3,1009,53.333,-6.249
2021-07-30,08:00,15,17,13,11.0,3,90,280,18,82,0.3,1009,53.333,-6.249
2021-07-30,09:00,15,17,13,11.0,3,89,282,19,81,0.2,1010,53.333,-6.249
2021-07-30,10:00,15,17,13,11.0,3,86,283,20,76,0.3,1010,53.333,-6.249
2021-07-30,11:00,15,17,13,11.0,3,83,284,20,71,0.1,1010,53.333,-6.249
2021-07-30,12:00,15,17,13,11.0,3,80,285,21,66,0.1,1010,53.333,-6.249
2021-07-30,13:00,15,17,13,11.0,3,77,286,21,66,0.1,1010,53.333,-6.249
2021-07-30,14:00,15,17,13,11.0,3,73,287,21,66,0.0,1010,53.333,-6.249
2021-07-30,15:00,15,17,13,11.0,3,70,289,22,67,0.0,1010,53.333,-6.249
2021-07-30,16:00,15,17,13,11.0,3,70,290,21,62,0.0,1010,53.333,-6.249
2021-07-30,17:00,15,17,13,11.0,3,70,291,20,57,0.0,1011,53.333,-6.249
2021-07-30,18:00,15,17,13,11.0,3,70,292,19,52,0.4,1011,53.333,-6.249
2021-07-30,19:00,15,17,13,11.0,3,74,288,17,58,0.2,1011,53.333,-6.249
2021-07-30,20:00,15,17,13,11.0,3,77,284,15,64,0.0,1011,53.333,-6.249
2021-07-30,21:00,15,17,13,11.0,3,80,280,13,70,0.0,1012,53.333,-6.249
2021-07-30,22:00,15,17,13,11.0,3,84,278,15,66,0.0,1011,53.333,-6.249
2021-07-30,23:00,15,17,13,11.0,3,89,276,17,62,0.0,1010,53.333,-6.249
2021-07-31,00:00,15,17,13,1.0,4,93,274,18,59,0.0,1009,53.333,-6.249
2021-07-31,01:00,15,17,13,1.0,4,93,274,17,59,0.0,1009,53.333,-6.249
2021-07-31,02:00,15,17,13,1.0,4,93,274,16,59,0.0,1009,53.333,-6.249
2021-07-31,03:00,15,17,13,1.0,4,93,274,15,60,0.0,1009,53.333,-6.249
2021-07-31,04:00,15,17,13,1.0,4,93,276,14,70,0.0,1009,53.333,-6.249
2021-07-31,05:00,15,17,13,1.0,4,93,278,14,81,0.0,1009,53.333,-6.249
2021-07-31,06:00,15,17,13,1.0,4,93,280,13,92,0.0,1009,53.333,-6.249
2021-07-31,07:00,15,17,13,1.0,4,91,284,13,89,0.0,1009,53.333,-6.249
2021-07-31,08:00,15,17,13,1.0,4,89,288,12,86,0.0,1010,53.333,-6.249
2021-07-31,09:00,15,17,13,1.0,4,88,292,12,83,0.1,1010,53.333,-6.249
2021-07-31,10:00,15,17,13,1.0,4,84,294,12,82,0.1,1010,53.333,-6.249
2021-07-31,11:00,15,17,13,1.0,4,81,296,12,82,0.1,1010,53.333,-6.249
2021-07-31,12:00,15,17,13,1.0,4,77,298,13,81,0.2,1010,53.333,-6.249
2021-07-31,13:00,15,17,13,1.0,4,76,285,11,88,0.0,1010,53.333,-6.249
2021-07-31,14:00,15,17,13,1.0,4,75,272,9,94,0.0,1010,53.333,-6.249
2021-07-31,15:00,15,17,13,1.0,4,74,260,7,100,0.0,1010,53.333,-6.249
2021-07-31,16:00,15,17,13,1.0,4,76,252,6,98,0.0,1010,53.333,-6.249
2021-07-31,17:00,15,17,13,1.0,4,78,245,4,96,0.0,1010,53.333,-6.249
2021-07-31,18:00,15,17,13,1.0,4,80,237,7,94,0.1,1010,53.333,-6.249
2021-07-31,19:00,15,17,13,1.0,4,82,277,6,92,0.1,1010,53.333,-6.249
2021-07-31,20:00,15,17,13,1.0,4,83,316,9,91,0.1,1011,53.333,-6.249
2021-07-31,21:00,15,17,13,1.0,4,85,355,12,90,0.1,1011,53.333,-6.249
2021-07-31,22:00,15,17,13,1.0,4,85,343,14,89,0.0,1011,53.333,-6.249
2021-07-31,23:00,15,17,13,1.0,4,86,331,15,87,0.0,1012,53.333,-6.249
2021-08-01,00:00,14,17,11,9.0,3,86,319,17,86,0.0,1012,53.333,-6.249
2021-08-01,01:00,14,17,11,9.0,3,87,315,18,63,0.0,1012,53.333,-6.249
2021-08-01,02:00,14,17,11,9.0,3,87,310,18,39,0.0,1012,53.333,-6.249
2021-08-01,03:00,14,17,11,9.0,3,87,306,18,16,0.0,1012,53.333,-6.249
2021-08-01,04:00,14,17,11,9.0,3,88,303,18,20,0.0,1012,53.333,-6.249
2021-08-01,05:00,14,17,11,9.0,3,88,299,18,24,0.0,1013,53.333,-6.249
2021-08-01,06:00,14,17,11,9.0,3,88,296,18,29,0.0,1013,53.333,-6.249
2021-08-01,07:00,14,17,11,9.0,3,82,305,19,45,0.0,1013,53.333,-6.249
2021-08-01,08:00,14,17,11,9.0,3,75,314,21,62,0.0,1013,53.333,-6.249
2021-08-01,09:00,14,17,11,9.0,3,69,322,19,79,0.0,1013,53.333,-6.249
2021-08-01,10:00,14,17,11,9.0,3,69,333,17,84,0.0,1013,53.333,-6.249
2021-08-01,11:00,14,17,11,9.0,3,69,343,17,89,0.0,1013,53.333,-6.249
2021-08-01,12:00,14,17,11,9.0,3,68,354,16,94,0.0,1014,53.333,-6.249
2021-08-01,13:00,14,17,11,9.0,3,69,356,14,91,0.0,1014,53.333,-6.249
2021-08-01,14:00,14,17,11,9.0,3,69,358,16,88,0.0,1014,53.333,-6.249
2021-08-01,15:00,14,17,11,9.0,3,69,360,13,85,0.0,1014,53.333,-6.249
2021-08-01,16:00,14,17,11,9.0,3,70,241,10,74,0.0,1014,53.333,-6.249
2021-08-01,17:00,14,17,11,9.0,3,71,123,7,63,0.0,1014,53.333,-6.249
2021-08-01,18:00,14,17,11,9.0,3,72,5,4,52,0.0,1014,53.333,-6.249
2021-08-01,19:00,14,17,11,9.0,3,75,96,3,43,0.0,1014,53.333,-6.249
2021-08-01,20:00,14,17,11,9.0,3,77,187,2,33,0.0,1015,53.333,-6.249
2021-08-01,21:00,14,17,11,9.0,3,79,278,1,24,0.0,1015,53.333,-6.249
2021-08-01,22:00,14,17,11,9.0,3,79,297,5,24,0.0,1015,53.333,-6.249
2021-08-01,23:00,14,17,11,9.0,3,78,315,9,23,0.0,1016,53.333,-6.249
2021-08-02,00:00,13,15,9,7.0,4,78,334,12,23,0.0,1016,53.333,-6.249
2021-08-02,01:00,13,15,9,7.0,4,80,322,12,20,0.0,1016,53.333,-6.249
2021-08-02,02:00,13,15,9,7.0,4,82,311,12,17,0.0,1016,53.333,-6.249
2021-08-02,03:00,13,15,9,7.0,4,84,300,12,14,0.0,1016,53.333,-6.249
2021-08-02,04:00,13,15,9,7.0,4,83,295,12,24,0.0,1016,53.333,-6.249
2021-08-02,05:00,13,15,9,7.0,4,82,291,12,34,0.0,1016,53.333,-6.249
2021-08-02,06:00,13,15,9,7.0,4,81,287,12,44,0.0,1016,53.333,-6.249
2021-08-02,07:00,13,15,9,7.0,4,78,290,12,55,0.0,1016,53.333,-6.249
2021-08-02,08:00,13,15,9,7.0,4,74,293,13,66,0.0,1016,53.333,-6.249
2021-08-02,09:00,13,15,9,7.0,4,70,297,13,77,0.0,1016,53.333,-6.249
2021-08-02,10:00,13,15,9,7.0,4,76,291,12,85,0.0,1016,53.333,-6.249
2021-08-02,11:00,13,15,9,7.0,4,81,285,11,92,0.0,1016,53.333,-6.249
2021-08-02,12:00,13,15,9,7.0,4,87,279,10,100,0.0,1016,53.333,-6.249
2021-08-02,13:00,13,15,9,7.0,4,87,274,9,100,0.0,1016,53.333,-6.249
2021-08-02,14:00,13,15,9,7.0,4,88,269,8,100,0.2,1016,53.333,-6.249
2021-08-02,15:00,13,15,9,7.0,4,89,264,8,100,0.0,1016,53.333,-6.249
2021-08-02,16:00,13,15,9,7.0,4,87,263,8,91,0.0,1016,53.333,-6.249
2021-08-02,17:00,13,15,9,7.0,4,86,261,8,81,0.0,1016,53.333,-6.249
2021-08-02,18:00,13,15,9,7.0,4,85,260,8,72,0.0,1015,53.333,-6.249
2021-08-02,19:00,13,15,9,7.0,4,86,252,8,67,0.0,1015,53.333,-6.249
2021-08-02,20:00,13,15,9,7.0,4,87,244,8,62,0.0,1015,53.333,-6.249
2021-08-02,21:00,13,15,9,7.0,4,89,237,8,57,0.0,1015,53.333,-6.249
2021-08-02,22:00,13,15,9,7.0,4,89,249,9,64,0.0,1015,53.333,-6.249
2021-08-02,23:00,13,15,9,7.0,4,89,262,10,70,0.0,1015,53.333,-6.249
2021-08-03,00:00,14,18,12,12.0,3,89,275,11,76,0.0,1015,53.333,-6.249
2021-08-03,01:00,14,18,12,12.0,3,89,264,9,56,0.0,1015,53.333,-6.249
2021-08-03,02:00,14,18,12,12.0,3,88,252,8,35,0.0,1014,53.333,-6.249
2021-08-03,03:00,14,18,12,12.0,3,88,241,6,14,0.0,1014,53.333,-6.249
2021-08-03,04:00,14,18,12,12.0,3,87,237,5,17,0.0,1014,53.333,-6.249
2021-08-03,05:00,14,18,12,12.0,3,86,234,5,20,0.0,1014,53.333,-6.249
2021-08-03,06:00,14,18,12,12.0,3,85,230,4,23,0.0,1014,53.333,-6.249
2021-08-03,07:00,14,18,12,12.0,3,81,200,4,24,0.0,1014,53.333,-6.249
2021-08-03,08:00,14,18,12,12.0,3,78,170,5,25,0.0,1014,53.333,-6.249
2021-08-03,09:00,14,18,12,12.0,3,74,139,5,26,0.0,1014,53.333,-6.249
2021-08-03,10:00,14,18,12,12.0,3,74,137,7,39,0.0,1014,53.333,-6.249
2021-08-03,11:00,14,18,12,12.0,3,74,135,10,53,0.0,1014,53.333,-6.249
2021-08-03,12:00,14,18,12,12.0,3,74,134,12,67,0.0,1014,53.333,-6.249
2021-08-03,13:00,14,18,12,12.0,3,73,140,13,71,0.0,1013,53.333,-6.249
2021-08-03,14:00,14,18,12,12.0,3,72,146,13,75,0.0,1013,53.333,-6.249
2021-08-03,15:00,14,18,12,12.0,3,72,152,14,79,0.0,1013,53.333,-6.249
2021-08-03,16:00,14,18,12,12.0,3,74,164,13,78,1.1,1013,53.333,-6.249
2021-08-03,17:00,14,18,12,12.0,3,76,176,12,76,0.4,1013,53.333,-6.249
2021-08-03,18:00,14,18,12,12.0,3,78,188,10,74,0.2,1013,53.333,-6.249
2021-08-03,19:00,14,18,12,12.0,3,80,196,9,69,0.0,1013,53.333,-6.249
2021-08-03,20:00,14,18,12,12.0,3,83,204,8,63,0.0,1013,53.333,-6.249
2021-08-03,21:00,14,18,12,12.0,3,85,212,7,58,0.0,1014,53.333,-6.249
2021-08-03,22:00,14,18,12,12.0,3,87,209,7,55,0.0,1013,53.333,-6.249
2021-08-03,23:00,14,18,12,12.0,3,88,206,7,53,0.0,1013,53.333,-6.249
2021-08-04,00:00,15,19,13,8.0,5,90,204,8,51,0.0,1012,53.333,-6.249
2021-08-04,01:00,15,19,13,8.0,5,89,216,7,47,0.0,1012,53.333,-6.249
2021-08-04,02:00,15,19,13,8.0,5,89,229,7,42,0.0,1012,53.333,-6.249
2021-08-04,03:00,15,19,13,8.0,5,88,241,6,37,0.0,1012,53.333,-6.249
2021-08-04,04:00,15,19,13,8.0,5,88,235,6,33,0.0,1012,53.333,-6.249
2021-08-04,05:00,15,19,13,8.0,5,89,229,5,29,0.0,1012,53.333,-6.249
2021-08-04,06:00,15,19,13,8.0,5,89,223,5,24,0.0,1012,53.333,-6.249
2021-08-04,07:00,15,19,13,8.0,5,86,199,4,42,0.0,1012,53.333,-6.249
2021-08-04,08:00,15,19,13,8.0,5,84,175,3,59,0.0,1012,53.333,-6.249
2021-08-04,09:00,15,19,13,8.0,5,81,151,6,76,0.0,1012,53.333,-6.249
2021-08-04,10:00,15,19,13,8.0,5,81,150,5,69,0.0,1012,53.333,-6.249
2021-08-04,11:00,15,19,13,8.0,5,81,149,9,62,0.0,1012,53.333,-6.249
2021-08-04,12:00,15,19,13,8.0,5,81,148,13,55,0.0,1011,53.333,-6.249
2021-08-04,13:00,15,19,13,8.0,5,81,156,15,63,0.1,1011,53.333,-6.249
2021-08-04,14:00,15,19,13,8.0,5,81,165,18,72,0.2,1010,53.333,-6.249
2021-08-04,15:00,15,19,13,8.0,5,81,174,20,80,0.1,1010,53.333,-6.249
2021-08-04,16:00,15,19,13,8.0,5,81,176,20,81,1.5,1009,53.333,-6.249
2021-08-04,17:00,15,19,13,8.0,5,81,177,19,82,0.4,1008,53.333,-6.249
2021-08-04,18:00,15,19,13,8.0,5,82,178,18,83,0.0,1008,53.333,-6.249
2021-08-04,19:00,15,19,13,8.0,5,83,175,18,84,0.0,1007,53.333,-6.249
2021-08-04,20:00,15,19,13,8.0,5,85,173,18,85,0.0,1007,53.333,-6.249
2021-08-04,21:00,15,19,13,8.0,5,87,170,18,86,0.0,1007,53.333,-6.249
2021-08-04,22:00,15,19,13,8.0,5,88,175,15,84,0.0,1007,53.333,-6.249
2021-08-04,23:00,15,19,13,8.0,5,90,181,13,82,0.0,1007,53.333,-6.249
