datetime,date,hour,avgtempC,maxtempC,mintempC,sunHour,uvIndex,humidity,winddirDegree,windspeedKmph,cloudcover,precipMM,pressure,latitude,longitude
2021-11-01 00:00:00,2021-11-01,00:00,9,11,7,7.0,2,89,267,39,100,1.2,983,53.333,-6.249
2021-11-01 01:00:00,2021-11-01,01:00,9,11,7,7.0,2,88,269,39,100,0.0,984,53.333,-6.249
2021-11-01 02:00:00,2021-11-01,02:00,9,11,7,7.0,2,86,271,39,100,0.0,985,53.333,-6.249
2021-11-01 03:00:00,2021-11-01,03:00,9,11,7,7.0,2,85,273,39,100,0.0,986,53.333,-6.249
2021-11-01 04:00:00,2021-11-01,04:00,9,11,7,7.0,2,83,272,41,88,0.0,987,53.333,-6.249
2021-11-01 05:00:00,2021-11-01,05:00,9,11,7,7.0,2,81,272,39,75,0.0,988,53.333,-6.249
2021-11-01 06:00:00,2021-11-01,06:00,9,11,7,7.0,2,79,271,37,63,0.0,989,53.333,-6.249
2021-11-01 07:00:00,2021-11-01,07:00,9,11,7,7.0,2,79,268,32,89,0.2,990,53.333,-6.249
2021-11-01 08:00:00,2021-11-01,08:00,9,11,7,7.0,2,80,265,32,76,0.4,991,53.333,-6.249
2021-11-01 09:00:00,2021-11-01,09:00,9,11,7,7.0,2,81,261,30,73,0.5,992,53.333,-6.249
2021-11-01 10:00:00,2021-11-01,10:00,9,11,7,7.0,2,78,261,29,81,0.2,992,53.333,-6.249
2021-11-01 11:00:00,2021-11-01,11:00,9,11,7,7.0,2,76,261,33,20,0.0,992,53.333,-6.249
2021-11-01 12:00:00,2021-11-01,12:00,9,11,7,7.0,2,73,261,32,19,0.0,993,53.333,-6.249
2021-11-01 13:00:00,2021-11-01,13:00,9,11,7,7.0,2,74,259,30,33,0.0,992,53.333,-6.249
2021-11-01 14:00:00,2021-11-01,14:00,9,11,7,7.0,2,74,258,25,46,0.0,992,53.333,-6.249
2021-11-01 15:00:00,2021-11-01,15:00,9,11,7,7.0,2,74,257,27,59,0.0,992,53.333,-6.249
2021-11-01 16:00:00,2021-11-01,16:00,9,11,7,7.0,2,75,256,25,64,0.0,992,53.333,-6.249
2021-11-01 17:00:00,2021-11-01,17:00,9,11,7,7.0,2,76,255,23,69,0.0,992,53.333,-6.249
2021-11-01 18:00:00,2021-11-01,18:00,9,11,7,7.0,2,77,254,21,74,0.0,993,53.333,-6.249
2021-11-01 19:00:00,2021-11-01,19:00,9,11,7,7.0,2,79,252,19,58,0.0,993,53.333,-6.249
2021-11-01 20:00:00,2021-11-01,20:00,9,11,7,7.0,2,81,250,17,41,0.0,993,53.333,-6.249
2021-11-01 21:00:00,2021-11-01,21:00,9,11,7,7.0,2,82,249,15,25,0.0,993,53.333,-6.249
2021-11-01 22:00:00,2021-11-01,22:00,9,11,7,7.0,2,84,254,16,20,0.0,994,53.333,-6.249
2021-11-01 23:00:00,2021-11-01,23:00,9,11,7,7.0,2,86,260,16,15,0.0,995,53.333,-6.249
2021-11-02 00:00:00,2021-11-02,00:00,8,10,5,9.0,3,87,266,16,10,0.0,996,53.333,-6.249
2021-11-02 01:00:00,2021-11-02,01:00,8,10,5,9.0,3,87,267,16,10,0.0,996,53.333,-6.249
2021-11-02 02:00:00,2021-11-02,02:00,8,10,5,9.0,3,87,268,17,9,0.0,996,53.333,-6.249
2021-11-02 03:00:00,2021-11-02,03:00,8,10,5,9.0,3,87,270,17,8,0.0,996,53.333,-6.249
2021-11-02 04:00:00,2021-11-02,04:00,8,10,5,9.0,3,87,269,16,11,0.0,996,53.333,-6.249
2021-11-02 05:00:00,2021-11-02,05:00,8,10,5,9.0,3,86,268,16,14,0.0,997,53.333,-6.249
2021-11-02 06:00:00,2021-11-02,06:00,8,10,5,9.0,3,86,267,15,16,0.0,997,53.333,-6.249
2021-11-02 07:00:00,2021-11-02,07:00,8,10,5,9.0,3,85,267,15,29,0.0,998,53.333,-6.249
2021-11-02 08:00:00,2021-11-02,08:00,8,10,5,9.0,3,84,267,15,42,0.0,998,53.333,-6.249
2021-11-02 09:00:00,2021-11-02,09:00,8,10,5,9.0,3,84,268,15,54,0.0,999,53.333,-6.249
2021-11-02 10:00:00,2021-11-02,10:00,8,10,5,9.0,3,82,269,15,45,0.0,999,53.333,-6.249
2021-11-02 11:00:00,2021-11-02,11:00,8,10,5,9.0,3,80,271,16,36,0.0,999,53.333,-6.249
2021-11-02 12:00:00,2021-11-02,12:00,8,10,5,9.0,3,78,273,16,28,0.0,1000,53.333,-6.249
2021-11-02 13:00:00,2021-11-02,13:00,8,10,5,9.0,3,78,276,17,33,0.0,1000,53.333,-6.249
2021-11-02 14:00:00,2021-11-02,14:00,8,10,5,9.0,3,77,279,18,75,0.1,1000,53.333,-6.249
2021-11-02 15:00:00,2021-11-02,15:00,8,10,5,9.0,3,77,281,19,44,0.0,1000,53.333,-6.249
2021-11-02 16:00:00,2021-11-02,16:00,8,10,5,9.0,3,80,281,19,39,0.0,1001,53.333,-6.249
2021-11-02 17:00:00,2021-11-02,17:00,8,10,5,9.0,3,83,280,18,35,0.0,1001,53.333,-6.249
2021-11-02 18:00:00,2021-11-02,18:00,8,10,5,9.0,3,86,280,18,30,0.0,1002,53.333,-6.249
2021-11-02 19:00:00,2021-11-02,19:00,8,10,5,9.0,3,87,279,18,36,0.0,1002,53.333,-6.249
2021-11-02 20:00:00,2021-11-02,20:00,8,10,5,9.0,3,88,278,19,41,0.0,1003,53.333,-6.249
2021-11-02 21:00:00,2021-11-02,21:00,8,10,5,9.0,3,89,278,19,47,0.0,1003,53.333,-6.249
2021-11-02 22:00:00,2021-11-02,22:00,8,10,5,9.0,3,89,283,20,37,0.0,1004,53.333,-6.249
2021-11-02 23:00:00,2021-11-02,23:00,8,10,5,9.0,3,89,289,21,28,0.0,1005,53.333,-6.249
2021-11-03 00:00:00,2021-11-03,00:00,8,10,6,9.0,3,89,294,21,19,0.0,1005,53.333,-6.249
2021-11-03 01:00:00,2021-11-03,01:00,8,10,6,9.0,3,89,297,22,33,0.0,1006,53.333,-6.249
2021-11-03 02:00:00,2021-11-03,02:00,8,10,6,9.0,3,88,299,22,46,0.0,1006,53.333,-6.249
2021-11-03 03:00:00,2021-11-03,03:00,8,10,6,9.0,3,88,302,22,59,0.0,1006,53.333,-6.249
2021-11-03 04:00:00,2021-11-03,04:00,8,10,6,9.0,3,88,304,23,60,0.0,1007,53.333,-6.249
2021-11-03 05:00:00,2021-11-03,05:00,8,10,6,9.0,3,88,307,24,60,0.0,1007,53.333,-6.249
2021-11-03 06:00:00,2021-11-03,06:00,8,10,6,9.0,3,88,309,24,61,0.0,1008,53.333,-6.249
2021-11-03 07:00:00,2021-11-03,07:00,8,10,6,9.0,3,86,315,24,54,0.0,1008,53.333,-6.249
2021-11-03 08:00:00,2021-11-03,08:00,8,10,6,9.0,3,84,320,25,47,0.0,1009,53.333,-6.249
2021-11-03 09:00:00,2021-11-03,09:00,8,10,6,9.0,3,81,325,25,40,0.0,1010,53.333,-6.249
2021-11-03 10:00:00,2021-11-03,10:00,8,10,6,9.0,3,77,331,25,41,0.0,1010,53.333,-6.249
2021-11-03 11:00:00,2021-11-03,11:00,8,10,6,9.0,3,73,337,26,41,0.0,1010,53.333,-6.249
2021-11-03 12:00:00,2021-11-03,12:00,8,10,6,9.0,3,69,343,27,41,0.0,1011,53.333,-6.249
2021-11-03 13:00:00,2021-11-03,13:00,8,10,6,9.0,3,70,343,27,47,0.0,1011,53.333,-6.249
2021-11-03 14:00:00,2021-11-03,14:00,8,10,6,9.0,3,70,344,27,53,0.0,1011,53.333,-6.249
2021-11-03 15:00:00,2021-11-03,15:00,8,10,6,9.0,3,71,345,28,59,0.0,1012,53.333,-6.249
2021-11-03 16:00:00,2021-11-03,16:00,8,10,6,9.0,3,73,344,24,71,0.0,1012,53.333,-6.249
2021-11-03 17:00:00,2021-11-03,17:00,8,10,6,9.0,3,75,343,24,83,0.0,1013,53.333,-6.249
2021-11-03 18:00:00,2021-11-03,18:00,8,10,6,9.0,3,77,342,24,95,0.0,1014,53.333,-6.249
2021-11-03 19:00:00,2021-11-03,19:00,8,10,6,9.0,3,78,343,27,95,0.0,1014,53.333,-6.249
2021-11-03 20:00:00,2021-11-03,20:00,8,10,6,9.0,3,79,344,26,96,0.0,1015,53.333,-6.249
2021-11-03 21:00:00,2021-11-03,21:00,8,10,6,9.0,3,80,345,24,96,0.0,1016,53.333,-6.249
2021-11-03 22:00:00,2021-11-03,22:00,8,10,6,9.0,3,78,343,25,98,0.0,1017,53.333,-6.249
2021-11-03 23:00:00,2021-11-03,23:00,8,10,6,9.0,3,77,340,25,99,0.0,1017,53.333,-6.249
2021-11-04 00:00:00,2021-11-04,00:00,7,10,5,9.0,2,76,338,26,100,0.0,1018,53.333,-6.249
2021-11-04 01:00:00,2021-11-04,01:00,7,10,5,9.0,2,77,333,24,89,0.0,1018,53.333,-6.249
2021-11-04 02:00:00,2021-11-04,02:00,7,10,5,9.0,2,78,327,22,79,0.0,1019,53.333,-6.249
2021-11-04 03:00:00,2021-11-04,03:00,7,10,5,9.0,2,79,322,21,68,0.0,1020,53.333,-6.249
2021-11-04 04:00:00,2021-11-04,04:00,7,10,5,9.0,2,81,320,20,70,0.0,1020,53.333,-6.249
2021-11-04 05:00:00,2021-11-04,05:00,7,10,5,9.0,2,82,317,19,71,0.0,1021,53.333,-6.249
2021-11-04 06:00:00,2021-11-04,06:00,7,10,5,9.0,2,83,315,19,73,0.0,1022,53.333,-6.249
2021-11-04 07:00:00,2021-11-04,07:00,7,10,5,9.0,2,83,314,18,54,0.0,1022,53.333,-6.249
2021-11-04 08:00:00,2021-11-04,08:00,7,10,5,9.0,2,82,313,18,35,0.0,1023,53.333,-6.249
2021-11-04 09:00:00,2021-11-04,09:00,7,10,5,9.0,2,81,312,17,16,0.0,1023,53.333,-6.249
2021-11-04 10:00:00,2021-11-04,10:00,7,10,5,9.0,2,76,317,18,12,0.0,1024,53.333,-6.249
2021-11-04 11:00:00,2021-11-04,11:00,7,10,5,9.0,2,70,321,19,8,0.0,1024,53.333,-6.249
2021-11-04 12:00:00,2021-11-04,12:00,7,10,5,9.0,2,65,326,20,5,0.0,1024,53.333,-6.249
2021-11-04 13:00:00,2021-11-04,13:00,7,10,5,9.0,2,65,325,20,16,0.0,1024,53.333,-6.249
2021-11-04 14:00:00,2021-11-04,14:00,7,10,5,9.0,2,64,325,19,27,0.0,1024,53.333,-6.249
2021-11-04 15:00:00,2021-11-04,15:00,7,10,5,9.0,2,64,324,18,38,0.0,1025,53.333,-6.249
2021-11-04 16:00:00,2021-11-04,16:00,7,10,5,9.0,2,70,312,17,33,0.0,1025,53.333,-6.249
2021-11-04 17:00:00,2021-11-04,17:00,7,10,5,9.0,2,76,299,16,28,0.0,1025,53.333,-6.249
2021-11-04 18:00:00,2021-11-04,18:00,7,10,5,9.0,2,82,287,14,23,0.0,1026,53.333,-6.249
2021-11-04 19:00:00,2021-11-04,19:00,7,10,5,9.0,2,82,285,14,30,0.0,1026,53.333,-6.249
2021-11-04 20:00:00,2021-11-04,20:00,7,10,5,9.0,2,83,284,14,37,0.0,1026,53.333,-6.249
2021-11-04 21:00:00,2021-11-04,21:00,7,10,5,9.0,2,84,282,14,43,0.0,1027,53.333,-6.249
2021-11-04 22:00:00,2021-11-04,22:00,7,10,5,9.0,2,85,286,15,52,0.0,1026,53.333,-6.249
2021-11-04 23:00:00,2021-11-04,23:00,7,10,5,9.0,2,86,290,17,60,0.0,1026,53.333,-6.249
2021-11-05 00:00:00,2021-11-05,00:00,8,11,6,6.0,2,87,293,19,69,0.0,1026,53.333,-6.249
2021-11-05 01:00:00,2021-11-05,01:00,8,11,6,6.0,2,87,290,18,74,0.0,1026,53.333,-6.249
2021-11-05 02:00:00,2021-11-05,02:00,8,11,6,6.0,2,86,287,17,78,0.0,1026,53.333,-6.249
2021-11-05 03:00:00,2021-11-05,03:00,8,11,6,6.0,2,86,283,15,83,0.0,1026,53.333,-6.249
2021-11-05 04:00:00,2021-11-05,04:00,8,11,6,6.0,2,86,279,15,82,0.0,1026,53.333,-6.249
2021-11-05 05:00:00,2021-11-05,05:00,8,11,6,6.0,2,86,275,15,81,0.0,1027,53.333,-6.249
2021-11-05 06:00:00,2021-11-05,06:00,8,11,6,6.0,2,86,271,15,80,0.0,1027,53.333,-6.249
2021-11-05 07:00:00,2021-11-05,07:00,8,11,6,6.0,2,84,267,15,67,0.0,1027,53.333,-6.249
2021-11-05 08:00:00,2021-11-05,08:00,8,11,6,6.0,2,82,263,14,55,0.0,1027,53.333,-6.249
2021-11-05 09:00:00,2021-11-05,09:00,8,11,6,6.0,2,81,259,14,43,0.0,1028,53.333,-6.249
2021-11-05 10:00:00,2021-11-05,10:00,8,11,6,6.0,2,78,259,15,44,0.0,1027,53.333,-6.249
2021-11-05 11:00:00,2021-11-05,11:00,8,11,6,6.0,2,75,259,15,46,0.0,1027,53.333,-6.249
2021-11-05 12:00:00,2021-11-05,12:00,8,11,6,6.0,2,72,259,15,47,0.0,1027,53.333,-6.249
2021-11-05 13:00:00,2021-11-05,13:00,8,11,6,6.0,2,72,259,15,65,0.0,1027,53.333,-6.249
2021-11-05 14:00:00,2021-11-05,14:00,8,11,6,6.0,2,73,258,15,82,0.0,1027,53.333,-6.249
2021-11-05 15:00:00,2021-11-05,15:00,8,11,6,6.0,2,73,257,14,100,0.0,1027,53.333,-6.249
2021-11-05 16:00:00,2021-11-05,16:00,8,11,6,6.0,2,76,255,15,83,0.0,1027,53.333,-6.249
2021-11-05 17:00:00,2021-11-05,17:00,8,11,6,6.0,2,79,254,15,65,0.0,1027,53.333,-6.249
2021-11-05 18:00:00,2021-11-05,18:00,8,11,6,6.0,2,82,252,16,48,0.0,1027,53.333,-6.249
2021-11-05 19:00:00,2021-11-05,19:00,8,11,6,6.0,2,84,253,16,44,0.0,1027,53.333,-6.249
2021-11-05 20:00:00,2021-11-05,20:00,8,11,6,6.0,2,86,254,15,41,0.0,1027,53.333,-6.249
2021-11-05 21:00:00,2021-11-05,21:00,8,11,6,6.0,2,87,255,14,37,0.0,1027,53.333,-6.249
2021-11-05 22:00:00,2021-11-05,22:00,8,11,6,6.0,2,86,251,15,40,0.0,1027,53.333,-6.249
2021-11-05 23:00:00,2021-11-05,23:00,8,11,6,6.0,2,84,246,15,42,0.0,1027,53.333,-6.249
2021-11-06 00:00:00,2021-11-06,00:00,10,13,8,7.0,4,83,242,15,45,0.0,1028,53.333,-6.249
2021-11-06 01:00:00,2021-11-06,01:00,10,13,8,7.0,4,80,239,16,38,0.0,1027,53.333,-6.249
2021-11-06 02:00:00,2021-11-06,02:00,10,13,8,7.0,4,78,236,17,31,0.0,1027,53.333,-6.249
2021-11-06 03:00:00,2021-11-06,03:00,10,13,8,7.0,4,76,233,17,24,0.0,1026,53.333,-6.249
2021-11-06 04:00:00,2021-11-06,04:00,10,13,8,7.0,4,75,233,18,45,0.0,1026,53.333,-6.249
2021-11-06 05:00:00,2021-11-06,05:00,10,13,8,7.0,4,75,233,18,66,0.0,1026,53.333,-6.249
2021-11-06 06:00:00,2021-11-06,06:00,10,13,8,7.0,4,74,233,18,88,0.0,1026,53.333,-6.249
2021-11-06 07:00:00,2021-11-06,07:00,10,13,8,7.0,4,74,230,20,78,0.0,1025,53.333,-6.249
2021-11-06 08:00:00,2021-11-06,08:00,10,13,8,7.0,4,74,226,22,69,0.0,1025,53.333,-6.249
2021-11-06 09:00:00,2021-11-06,09:00,10,13,8,7.0,4,74,223,24,60,0.0,1024,53.333,-6.249
2021-11-06 10:00:00,2021-11-06,10:00,10,13,8,7.0,4,73,225,24,47,0.0,1023,53.333,-6.249
2021-11-06 11:00:00,2021-11-06,11:00,10,13,8,7.0,4,73,226,25,33,0.0,1023,53.333,-6.249
2021-11-06 12:00:00,2021-11-06,12:00,10,13,8,7.0,4,72,227,26,20,0.0,1022,53.333,-6.249
2021-11-06 13:00:00,2021-11-06,13:00,10,13,8,7.0,4,75,230,27,43,0.0,1021,53.333,-6.249
2021-11-06 14:00:00,2021-11-06,14:00,10,13,8,7.0,4,78,233,28,65,0.0,1021,53.333,-6.249
2021-11-06 15:00:00,2021-11-06,15:00,10,13,8,7.0,4,81,236,28,88,0.0,1020,53.333,-6.249
2021-11-06 16:00:00,2021-11-06,16:00,10,13,8,7.0,4,83,239,27,89,0.0,1020,53.333,-6.249
2021-11-06 17:00:00,2021-11-06,17:00,10,13,8,7.0,4,85,242,25,89,0.0,1020,53.333,-6.249
2021-11-06 18:00:00,2021-11-06,18:00,10,13,8,7.0,4,87,244,24,90,0.0,1020,53.333,-6.249
2021-11-06 19:00:00,2021-11-06,19:00,10,13,8,7.0,4,85,250,26,84,0.0,1020,53.333,-6.249
2021-11-06 20:00:00,2021-11-06,20:00,10,13,8,7.0,4,84,256,27,77,0.0,1019,53.333,-6.249
2021-11-06 21:00:00,2021-11-06,21:00,10,13,8,7.0,4,82,262,26,71,0.0,1019,53.333,-6.249
2021-11-06 22:00:00,2021-11-06,22:00,10,13,8,7.0,4,77,270,28,70,0.0,1020,53.333,-6.249
2021-11-06 23:00:00,2021-11-06,23:00,10,13,8,7.0,4,72,278,27,68,0.0,1021,53.333,-6.249
2021-11-07 00:00:00,2021-11-07,00:00,10,12,8,8.0,3,68,287,26,67,0.0,1023,53.333,-6.249
2021-11-07 01:00:00,2021-11-07,01:00,10,12,8,8.0,3,67,285,26,72,0.0,1023,53.333,-6.249
2021-11-07 02:00:00,2021-11-07,02:00,10,12,8,8.0,3,66,282,26,78,0.0,1023,53.333,-6.249
2021-11-07 03:00:00,2021-11-07,03:00,10,12,8,8.0,3,65,280,26,84,0.0,1023,53.333,-6.249
2021-11-07 04:00:00,2021-11-07,04:00,10,12,8,8.0,3,65,281,26,64,0.0,1023,53.333,-6.249
2021-11-07 05:00:00,2021-11-07,05:00,10,12,8,8.0,3,66,282,27,44,0.0,1023,53.333,-6.249
2021-11-07 06:00:00,2021-11-07,06:00,10,12,8,8.0,3,66,283,24,24,0.0,1023,53.333,-6.249
2021-11-07 07:00:00,2021-11-07,07:00,10,12,8,8.0,3,65,284,27,28,0.0,1023,53.333,-6.249
2021-11-07 08:00:00,2021-11-07,08:00,10,12,8,8.0,3,65,286,27,32,0.0,1024,53.333,-6.249
2021-11-07 09:00:00,2021-11-07,09:00,10,12,8,8.0,3,65,287,26,36,0.0,1024,53.333,-6.249
2021-11-07 10:00:00,2021-11-07,10:00,10,12,8,8.0,3,66,288,26,50,0.0,1024,53.333,-6.249
2021-11-07 11:00:00,2021-11-07,11:00,10,12,8,8.0,3,68,288,25,64,0.0,1024,53.333,-6.249
2021-11-07 12:00:00,2021-11-07,12:00,10,12,8,8.0,3,69,289,24,78,0.0,1025,53.333,-6.249
2021-11-07 13:00:00,2021-11-07,13:00,10,12,8,8.0,3,70,289,24,58,0.0,1025,53.333,-6.249
2021-11-07 14:00:00,2021-11-07,14:00,10,12,8,8.0,3,70,290,23,37,0.0,1025,53.333,-6.249
2021-11-07 15:00:00,2021-11-07,15:00,10,12,8,8.0,3,70,290,18,17,0.0,1025,53.333,-6.249
2021-11-07 16:00:00,2021-11-07,16:00,10,12,8,8.0,3,74,286,20,15,0.0,1025,53.333,-6.249
2021-11-07 17:00:00,2021-11-07,17:00,10,12,8,8.0,3,79,282,18,13,0.0,1025,53.333,-6.249
2021-11-07 18:00:00,2021-11-07,18:00,10,12,8,8.0,3,83,277,16,10,0.0,1026,53.333,-6.249
2021-11-07 19:00:00,2021-11-07,19:00,10,12,8,8.0,3,84,271,14,8,0.0,1026,53.333,-6.249
2021-11-07 20:00:00,2021-11-07,20:00,10,12,8,8.0,3,84,266,12,5,0.0,1026,53.333,-6.249
2021-11-07 21:00:00,2021-11-07,21:00,10,12,8,8.0,3,85,260,10,2,0.0,1026,53.333,-6.249
2021-11-07 22:00:00,2021-11-07,22:00,10,12,8,8.0,3,85,252,10,7,0.0,1025,53.333,-6.249
2021-11-07 23:00:00,2021-11-07,23:00,10,12,8,8.0,3,84,243,9,11,0.0,1024,53.333,-6.249
2021-11-08 00:00:00,2021-11-08,00:00,11,16,8,5.0,4,83,235,8,16,0.0,1023,53.333,-6.249
2021-11-08 01:00:00,2021-11-08,01:00,11,16,8,5.0,4,82,223,8,23,0.0,1023,53.333,-6.249
2021-11-08 02:00:00,2021-11-08,02:00,11,16,8,5.0,4,80,210,8,82,1.4,1022,53.333,-6.249
2021-11-08 03:00:00,2021-11-08,03:00,11,16,8,5.0,4,79,197,9,85,1.7,1022,53.333,-6.249
2021-11-08 04:00:00,2021-11-08,04:00,11,16,8,5.0,4,77,192,9,88,0.6,1022,53.333,-6.249
2021-11-08 05:00:00,2021-11-08,05:00,11,16,8,5.0,4,75,187,9,89,0.4,1021,53.333,-6.249
2021-11-08 06:00:00,2021-11-08,06:00,11,16,8,5.0,4,73,183,9,84,0.5,1021,53.333,-6.249
2021-11-08 07:00:00,2021-11-08,07:00,11,16,8,5.0,4,75,183,10,45,0.0,1021,53.333,-6.249
2021-11-08 08:00:00,2021-11-08,08:00,11,16,8,5.0,4,76,183,11,65,0.2,1020,53.333,-6.249
2021-11-08 09:00:00,2021-11-08,09:00,11,16,8,5.0,4,77,183,12,85,1.2,1020,53.333,-6.249
2021-11-08 10:00:00,2021-11-08,10:00,11,16,8,5.0,4,80,184,13,86,1.6,1020,53.333,-6.249
2021-11-08 11:00:00,2021-11-08,11:00,11,16,8,5.0,4,83,186,14,87,0.8,1019,53.333,-6.249
2021-11-08 12:00:00,2021-11-08,12:00,11,16,8,5.0,4,86,188,16,88,0.1,1019,53.333,-6.249
2021-11-08 13:00:00,2021-11-08,13:00,11,16,8,5.0,4,84,189,17,59,0.0,1018,53.333,-6.249
2021-11-08 14:00:00,2021-11-08,14:00,11,16,8,5.0,4,81,190,18,30,0.0,1017,53.333,-6.249
2021-11-08 15:00:00,2021-11-08,15:00,11,16,8,5.0,4,79,191,19,1,0.0,1017,53.333,-6.249
2021-11-08 16:00:00,2021-11-08,16:00,11,16,8,5.0,4,80,199,19,24,0.0,1017,53.333,-6.249
2021-11-08 17:00:00,2021-11-08,17:00,11,16,8,5.0,4,80,206,19,47,0.0,1017,53.333,-6.249
2021-11-08 18:00:00,2021-11-08,18:00,11,16,8,5.0,4,81,214,19,70,0.0,1017,53.333,-6.249
2021-11-08 19:00:00,2021-11-08,19:00,11,16,8,5.0,4,82,231,19,65,0.0,1017,53.333,-6.249
2021-11-08 20:00:00,2021-11-08,20:00,11,16,8,5.0,4,83,249,19,61,0.0,1018,53.333,-6.249
2021-11-08 21:00:00,2021-11-08,21:00,11,16,8,5.0,4,84,266,18,57,0.0,1018,53.333,-6.249
2021-11-08 22:00:00,2021-11-08,22:00,11,16,8,5.0,4,84,244,20,67,0.0,1017,53.333,-6.249
2021-11-08 23:00:00,2021-11-08,23:00,11,16,8,5.0,4,84,222,22,77,0.0,1015,53.333,-6.249
2021-11-09 00:00:00,2021-11-09,00:00,12,14,9,8.0,3,84,199,24,87,0.0,1014,53.333,-6.249
2021-11-09 01:00:00,2021-11-09,01:00,12,14,9,8.0,3,85,202,23,89,0.0,1013,53.333,-6.249
2021-11-09 02:00:00,2021-11-09,02:00,12,14,9,8.0,3,86,206,21,90,0.0,1013,53.333,-6.249
2021-11-09 03:00:00,2021-11-09,03:00,12,14,9,8.0,3,87,209,20,91,0.0,1013,53.333,-6.249
2021-11-09 04:00:00,2021-11-09,04:00,12,14,9,8.0,3,85,234,24,94,0.0,1014,53.333,-6.249
2021-11-09 05:00:00,2021-11-09,05:00,12,14,9,8.0,3,84,260,27,97,0.0,1015,53.333,-6.249
2021-11-09 06:00:00,2021-11-09,06:00,12,14,9,8.0,3,82,286,25,100,0.0,1016,53.333,-6.249
2021-11-09 07:00:00,2021-11-09,07:00,12,14,9,8.0,3,81,283,22,70,0.0,1017,53.333,-6.249
2021-11-09 08:00:00,2021-11-09,08:00,12,14,9,8.0,3,79,281,20,40,0.0,1018,53.333,-6.249
2021-11-09 09:00:00,2021-11-09,09:00,12,14,9,8.0,3,78,279,17,85,0.1,1019,53.333,-6.249
2021-11-09 10:00:00,2021-11-09,10:00,12,14,9,8.0,3,75,271,17,8,0.0,1020,53.333,-6.249
2021-11-09 11:00:00,2021-11-09,11:00,12,14,9,8.0,3,73,263,16,6,0.0,1020,53.333,-6.249
2021-11-09 12:00:00,2021-11-09,12:00,12,14,9,8.0,3,70,255,16,3,0.0,1020,53.333,-6.249
2021-11-09 13:00:00,2021-11-09,13:00,12,14,9,8.0,3,70,250,19,6,0.0,1021,53.333,-6.249
2021-11-09 14:00:00,2021-11-09,14:00,12,14,9,8.0,3,71,244,18,10,0.0,1021,53.333,-6.249
2021-11-09 15:00:00,2021-11-09,15:00,12,14,9,8.0,3,71,239,17,13,0.0,1021,53.333,-6.249
2021-11-09 16:00:00,2021-11-09,16:00,12,14,9,8.0,3,75,235,16,12,0.0,1021,53.333,-6.249
2021-11-09 17:00:00,2021-11-09,17:00,12,14,9,8.0,3,78,230,15,11,0.0,1021,53.333,-6.249
2021-11-09 18:00:00,2021-11-09,18:00,12,14,9,8.0,3,81,226,14,10,0.0,1022,53.333,-6.249
2021-11-09 19:00:00,2021-11-09,19:00,12,14,9,8.0,3,81,225,13,21,0.0,1022,53.333,-6.249
2021-11-09 20:00:00,2021-11-09,20:00,12,14,9,8.0,3,81,225,12,32,0.0,1022,53.333,-6.249
2021-11-09 21:00:00,2021-11-09,21:00,12,14,9,8.0,3,81,224,11,44,0.0,1023,53.333,-6.249
2021-11-09 22:00:00,2021-11-09,22:00,12,14,9,8.0,3,84,234,11,38,0.0,1023,53.333,-6.249
2021-11-09 23:00:00,2021-11-09,23:00,12,14,9,8.0,3,87,243,11,32,0.0,1022,53.333,-6.249
2021-11-10 00:00:00,2021-11-10,00:00,11,12,9,9.0,4,90,252,12,26,0.0,1022,53.333,-6.249
2021-11-10 01:00:00,2021-11-10,01:00,11,12,9,9.0,4,89,242,11,51,0.0,1022,53.333,-6.249
2021-11-10 02:00:00,2021-11-10,02:00,11,12,9,9.0,4,88,231,11,75,0.0,1022,53.333,-6.249
2021-11-10 03:00:00,2021-11-10,03:00,11,12,9,9.0,4,87,220,10,100,0.0,1022,53.333,-6.249
2021-11-10 04:00:00,2021-11-10,04:00,11,12,9,9.0,4,87,234,11,85,0.0,1023,53.333,-6.249
2021-11-10 05:00:00,2021-11-10,05:00,11,12,9,9.0,4,87,248,12,70,0.0,1023,53.333,-6.249
2021-11-10 06:00:00,2021-11-10,06:00,11,12,9,9.0,4,87,262,13,54,0.0,1023,53.333,-6.249
2021-11-10 07:00:00,2021-11-10,07:00,11,12,9,9.0,4,87,257,11,54,0.0,1023,53.333,-6.249
2021-11-10 08:00:00,2021-11-10,08:00,11,12,9,9.0,4,86,251,10,54,0.0,1024,53.333,-6.249
2021-11-10 09:00:00,2021-11-10,09:00,11,12,9,9.0,4,86,245,8,54,0.0,1024,53.333,-6.249
2021-11-10 10:00:00,2021-11-10,10:00,11,12,9,9.0,4,82,224,8,57,0.0,1024,53.333,-6.249
2021-11-10 11:00:00,2021-11-10,11:00,11,12,9,9.0,4,78,203,8,59,0.0,1024,53.333,-6.249
2021-11-10 12:00:00,2021-11-10,12:00,11,12,9,9.0,4,75,183,8,62,0.0,1024,53.333,-6.249
2021-11-10 13:00:00,2021-11-10,13:00,11,12,9,9.0,4,75,180,7,55,0.0,1024,53.333,-6.249
2021-11-10 14:00:00,2021-11-10,14:00,11,12,9,9.0,4,75,177,6,48,0.0,1023,53.333,-6.249
2021-11-10 15:00:00,2021-11-10,15:00,11,12,9,9.0,4,75,175,6,41,0.0,1023,53.333,-6.249
2021-11-10 16:00:00,2021-11-10,16:00,11,12,9,9.0,4,76,188,7,37,0.0,1023,53.333,-6.249
2021-11-10 17:00:00,2021-11-10,17:00,11,12,9,9.0,4,78,201,9,32,0.0,1023,53.333,-6.249
2021-11-10 18:00:00,2021-11-10,18:00,11,12,9,9.0,4,80,213,10,28,0.0,1023,53.333,-6.249
2021-11-10 19:00:00,2021-11-10,19:00,11,12,9,9.0,4,81,215,9,47,0.0,1023,53.333,-6.249
2021-11-10 20:00:00,2021-11-10,20:00,11,12,9,9.0,4,82,216,9,66,0.0,1023,53.333,-6.249
2021-11-10 21:00:00,2021-11-10,21:00,11,12,9,9.0,4,83,218,8,84,0.0,1023,53.333,-6.249
2021-11-10 22:00:00,2021-11-10,22:00,11,12,9,9.0,4,83,219,8,68,0.0,1023,53.333,-6.249
2021-11-10 23:00:00,2021-11-10,23:00,11,12,9,9.0,4,84,220,8,52,0.0,1024,53.333,-6.249
2021-11-11 00:00:00,2021-11-11,00:00,11,15,8,9.0,4,84,222,8,36,0.0,1024,53.333,-6.249
2021-11-11 01:00:00,2021-11-11,01:00,11,15,8,9.0,4,84,229,7,33,0.0,1024,53.333,-6.249
2021-11-11 02:00:00,2021-11-11,02:00,11,15,8,9.0,4,84,236,6,31,0.0,1024,53.333,-6.249
2021-11-11 03:00:00,2021-11-11,03:00,11,15,8,9.0,4,85,243,6,28,0.0,1024,53.333,-6.249
2021-11-11 04:00:00,2021-11-11,04:00,11,15,8,9.0,4,85,230,5,21,0.0,1024,53.333,-6.249
2021-11-11 05:00:00,2021-11-11,05:00,11,15,8,9.0,4,85,218,5,14,0.0,1024,53.333,-6.249
2021-11-11 06:00:00,2021-11-11,06:00,11,15,8,9.0,4,85,206,5,7,0.0,1024,53.333,-6.249
2021-11-11 07:00:00,2021-11-11,07:00,11,15,8,9.0,4,85,199,6,4,0.0,1024,53.333,-6.249
2021-11-11 08:00:00,2021-11-11,08:00,11,15,8,9.0,4,85,192,8,2,0.0,1024,53.333,-6.249
2021-11-11 09:00:00,2021-11-11,09:00,11,15,8,9.0,4,85,185,10,0,0.0,1024,53.333,-6.249
2021-11-11 10:00:00,2021-11-11,10:00,11,15,8,9.0,4,82,184,16,0,0.0,1024,53.333,-6.249
2021-11-11 11:00:00,2021-11-11,11:00,11,15,8,9.0,4,80,182,18,0,0.0,1023,53.333,-6.249
2021-11-11 12:00:00,2021-11-11,12:00,11,15,8,9.0,4,77,181,20,0,0.0,1023,53.333,-6.249
2021-11-11 13:00:00,2021-11-11,13:00,11,15,8,9.0,4,78,178,21,10,0.0,1022,53.333,-6.249
2021-11-11 14:00:00,2021-11-11,14:00,11,15,8,9.0,4,79,175,23,21,0.0,1021,53.333,-6.249
2021-11-11 15:00:00,2021-11-11,15:00,11,15,8,9.0,4,80,172,25,31,0.0,1021,53.333,-6.249
2021-11-11 16:00:00,2021-11-11,16:00,11,15,8,9.0,4,84,170,26,50,0.0,1020,53.333,-6.249
2021-11-11 17:00:00,2021-11-11,17:00,11,15,8,9.0,4,87,168,27,68,0.0,1020,53.333,-6.249
2021-11-11 18:00:00,2021-11-11,18:00,11,15,8,9.0,4,91,165,27,87,0.5,1020,53.333,-6.249
2021-11-11 19:00:00,2021-11-11,19:00,11,15,8,9.0,4,92,167,27,81,0.5,1020,53.333,-6.249
2021-11-11 20:00:00,2021-11-11,20:00,11,15,8,9.0,4,93,170,23,75,0.1,1019,53.333,-6.249
2021-11-11 21:00:00,2021-11-11,21:00,11,15,8,9.0,4,94,172,23,69,0.1,1019,53.333,-6.249
2021-11-11 22:00:00,2021-11-11,22:00,11,15,8,9.0,4,92,176,26,80,0.0,1015,53.333,-6.249
2021-11-11 23:00:00,2021-11-11,23:00,11,15,8,9.0,4,89,181,29,90,0.0,1011,53.333,-6.249
2021-11-12 00:00:00,2021-11-12,00:00,11,13,10,1.0,3,87,186,28,100,0.0,1007,53.333,-6.249
2021-11-12 01:00:00,2021-11-12,01:00,11,13,10,1.0,3,85,204,30,94,0.0,1006,53.333,-6.249
2021-11-12 02:00:00,2021-11-12,02:00,11,13,10,1.0,3,83,222,27,89,0.0,1006,53.333,-6.249
2021-11-12 03:00:00,2021-11-12,03:00,11,13,10,1.0,3,81,240,25,83,0.0,1006,53.333,-6.249
2021-11-12 04:00:00,2021-11-12,04:00,11,13,10,1.0,3,80,230,27,80,0.0,1005,53.333,-6.249
2021-11-12 05:00:00,2021-11-12,05:00,11,13,10,1.0,3,79,220,29,78,0.0,1005,53.333,-6.249
2021-11-12 06:00:00,2021-11-12,06:00,11,13,10,1.0,3,78,210,31,75,0.0,1005,53.333,-6.249
2021-11-12 07:00:00,2021-11-12,07:00,11,13,10,1.0,3,78,209,31,83,0.8,1004,53.333,-6.249
2021-11-12 08:00:00,2021-11-12,08:00,11,13,10,1.0,3,77,209,32,92,0.0,1004,53.333,-6.249
2021-11-12 09:00:00,2021-11-12,09:00,11,13,10,1.0,3,77,209,32,100,0.0,1003,53.333,-6.249
2021-11-12 10:00:00,2021-11-12,10:00,11,13,10,1.0,3,80,215,33,100,0.1,1003,53.333,-6.249
2021-11-12 11:00:00,2021-11-12,11:00,11,13,10,1.0,3,83,221,29,100,0.1,1002,53.333,-6.249
2021-11-12 12:00:00,2021-11-12,12:00,11,13,10,1.0,3,87,227,30,100,0.0,1001,53.333,-6.249
2021-11-12 13:00:00,2021-11-12,13:00,11,13,10,1.0,3,87,238,31,96,0.0,1001,53.333,-6.249
2021-11-12 14:00:00,2021-11-12,14:00,11,13,10,1.0,3,88,248,32,92,0.0,1000,53.333,-6.249
2021-11-12 15:00:00,2021-11-12,15:00,11,13,10,1.0,3,88,258,32,88,0.0,1000,53.333,-6.249
2021-11-12 16:00:00,2021-11-12,16:00,11,13,10,1.0,3,85,267,33,85,0.0,1000,53.333,-6.249
2021-11-12 17:00:00,2021-11-12,17:00,11,13,10,1.0,3,82,276,34,83,0.0,1001,53.333,-6.249
2021-11-12 18:00:00,2021-11-12,18:00,11,13,10,1.0,3,78,284,35,81,0.0,1001,53.333,-6.249
2021-11-12 19:00:00,2021-11-12,19:00,11,13,10,1.0,3,79,292,33,84,0.0,1003,53.333,-6.249
2021-11-12 20:00:00,2021-11-12,20:00,11,13,10,1.0,3,80,299,31,88,0.0,1004,53.333,-6.249
2021-11-12 21:00:00,2021-11-12,21:00,11,13,10,1.0,3,81,307,30,91,0.0,1005,53.333,-6.249
2021-11-12 22:00:00,2021-11-12,22:00,11,13,10,1.0,3,80,305,27,78,0.0,1007,53.333,-6.249
2021-11-12 23:00:00,2021-11-12,23:00,11,13,10,1.0,3,78,304,25,65,0.0,1009,53.333,-6.249
2021-11-13 00:00:00,2021-11-13,00:00,11,13,10,6.0,4,76,302,26,52,0.0,1010,53.333,-6.249
2021-11-13 01:00:00,2021-11-13,01:00,11,13,10,6.0,4,81,296,24,54,0.0,1011,53.333,-6.249
2021-11-13 02:00:00,2021-11-13,02:00,11,13,10,6.0,4,85,290,22,57,0.0,1012,53.333,-6.249
2021-11-13 03:00:00,2021-11-13,03:00,11,13,10,6.0,4,89,285,21,59,0.0,1013,53.333,-6.249
2021-11-13 04:00:00,2021-11-13,04:00,11,13,10,6.0,4,90,286,21,68,0.0,1013,53.333,-6.249
2021-11-13 05:00:00,2021-11-13,05:00,11,13,10,6.0,4,90,288,17,76,0.0,1014,53.333,-6.249
2021-11-13 06:00:00,2021-11-13,06:00,11,13,10,6.0,4,90,290,17,84,0.0,1014,53.333,-6.249
2021-11-13 07:00:00,2021-11-13,07:00,11,13,10,6.0,4,89,289,15,73,0.0,1015,53.333,-6.249
2021-11-13 08:00:00,2021-11-13,08:00,11,13,10,6.0,4,87,288,15,62,0.0,1016,53.333,-6.249
2021-11-13 09:00:00,2021-11-13,09:00,11,13,10,6.0,4,86,287,18,50,0.0,1016,53.333,-6.249
2021-11-13 10:00:00,2021-11-13,10:00,11,13,10,6.0,4,84,292,13,49,0.0,1017,53.333,-6.249
2021-11-13 11:00:00,2021-11-13,11:00,11,13,10,6.0,4,81,297,16,48,0.0,1017,53.333,-6.249
2021-11-13 12:00:00,2021-11-13,12:00,11,13,10,6.0,4,79,302,15,47,0.0,1017,53.333,-6.249
2021-11-13 13:00:00,2021-11-13,13:00,11,13,10,6.0,4,78,308,14,61,0.0,1017,53.333,-6.249
2021-11-13 14:00:00,2021-11-13,14:00,11,13,10,6.0,4,77,314,13,76,0.0,1018,53.333,-6.249
2021-11-13 15:00:00,2021-11-13,15:00,11,13,10,6.0,4,76,319,12,90,0.0,1018,53.333,-6.249
2021-11-13 16:00:00,2021-11-13,16:00,11,13,10,6.0,4,76,321,10,84,0.0,1018,53.333,-6.249
2021-11-13 17:00:00,2021-11-13,17:00,11,13,10,6.0,4,77,322,9,77,0.0,1018,53.333,-6.249
2021-11-13 18:00:00,2021-11-13,18:00,11,13,10,6.0,4,77,324,8,71,0.0,1019,53.333,-6.249
2021-11-13 19:00:00,2021-11-13,19:00,11,13,10,6.0,4,77,330,6,65,0.0,1019,53.333,-6.249
2021-11-13 20:00:00,2021-11-13,20:00,11,13,10,6.0,4,78,336,4,60,0.0,1020,53.333,-6.249
2021-11-13 21:00:00,2021-11-13,21:00,11,13,10,6.0,4,78,342,3,54,0.0,1020,53.333,-6.249
2021-11-13 22:00:00,2021-11-13,22:00,11,13,10,6.0,4,79,285,3,69,0.0,1021,53.333,-6.249
2021-11-13 23:00:00,2021-11-13,23:00,11,13,10,6.0,4,79,228,3,85,0.0,1022,53.333,-6.249
2021-11-14 00:00:00,2021-11-14,00:00,12,15,12,9.0,3,80,172,4,100,0.0,1023,53.333,-6.249
2021-11-14 01:00:00,2021-11-14,01:00,12,15,12,9.0,3,80,168,4,98,0.0,1023,53.333,-6.249
2021-11-14 02:00:00,2021-11-14,02:00,12,15,12,9.0,3,80,164,5,97,0.0,1023,53.333,-6.249
2021-11-14 03:00:00,2021-11-14,03:00,12,15,12,9.0,3,80,160,6,95,0.0,1024,53.333,-6.249
2021-11-14 04:00:00,2021-11-14,04:00,12,15,12,9.0,3,81,164,7,83,0.0,1024,53.333,-6.249
2021-11-14 05:00:00,2021-11-14,05:00,12,15,12,9.0,3,82,168,7,72,0.0,1024,53.333,-6.249
2021-11-14 06:00:00,2021-11-14,06:00,12,15,12,9.0,3,83,171,8,60,0.0,1024,53.333,-6.249
2021-11-14 07:00:00,2021-11-14,07:00,12,15,12,9.0,3,84,173,8,49,0.0,1025,53.333,-6.249
2021-11-14 08:00:00,2021-11-14,08:00,12,15,12,9.0,3,85,174,9,38,0.0,1025,53.333,-6.249
2021-11-14 09:00:00,2021-11-14,09:00,12,15,12,9.0,3,86,176,9,26,0.0,1026,53.333,-6.249
2021-11-14 10:00:00,2021-11-14,10:00,12,15,12,9.0,3,84,171,10,23,0.0,1026,53.333,-6.249
2021-11-14 11:00:00,2021-11-14,11:00,12,15,12,9.0,3,82,166,11,19,0.0,1026,53.333,-6.249
2021-11-14 12:00:00,2021-11-14,12:00,12,15,12,9.0,3,80,161,12,15,0.0,1026,53.333,-6.249
2021-11-14 13:00:00,2021-11-14,13:00,12,15,12,9.0,3,81,161,11,18,0.0,1026,53.333,-6.249
2021-11-14 14:00:00,2021-11-14,14:00,12,15,12,9.0,3,83,161,11,22,0.0,1026,53.333,-6.249
2021-11-14 15:00:00,2021-11-14,15:00,12,15,12,9.0,3,84,161,10,25,0.0,1025,53.333,-6.249
2021-11-14 16:00:00,2021-11-14,16:00,12,15,12,9.0,3,86,173,9,25,0.0,1026,53.333,-6.249
2021-11-14 17:00:00,2021-11-14,17:00,12,15,12,9.0,3,88,185,8,24,0.0,1026,53.333,-6.249
2021-11-14 18:00:00,2021-11-14,18:00,12,15,12,9.0,3,90,197,7,24,0.0,1027,53.333,-6.249
2021-11-14 19:00:00,2021-11-14,19:00,12,15,12,9.0,3,90,203,7,35,0.0,1027,53.333,-6.249
2021-11-14 20:00:00,2021-11-14,20:00,12,15,12,9.0,3,89,209,6,46,0.0,1027,53.333,-6.249
2021-11-14 21:00:00,2021-11-14,21:00,12,15,12,9.0,3,89,214,6,57,0.0,1028,53.333,-6.249
2021-11-14 22:00:00,2021-11-14,22:00,12,15,12,9.0,3,89,207,8,43,0.0,1026,53.333,-6.249
2021-11-14 23:00:00,2021-11-14,23:00,12,15,12,9.0,3,89,199,10,28,0.0,1025,53.333,-6.249
2021-11-15 00:00:00,2021-11-15,00:00,11,12,7,5.0,4,89,192,12,14,0.0,1024,53.333,-6.249
2021-11-15 01:00:00,2021-11-15,01:00,11,12,7,5.0,4,88,222,12,42,0.0,1024,53.333,-6.249
2021-11-15 02:00:00,2021-11-15,02:00,11,12,7,5.0,4,87,252,12,71,0.0,1024,53.333,-6.249
2021-11-15 03:00:00,2021-11-15,03:00,11,12,7,5.0,4,86,282,12,100,0.0,1025,53.333,-6.249
2021-11-15 04:00:00,2021-11-15,04:00,11,12,7,5.0,4,88,293,14,100,0.2,1025,53.333,-6.249
2021-11-15 05:00:00,2021-11-15,05:00,11,12,7,5.0,4,90,304,16,100,0.4,1026,53.333,-6.249
2021-11-15 06:00:00,2021-11-15,06:00,11,12,7,5.0,4,92,315,17,100,0.4,1026,53.333,-6.249
2021-11-15 07:00:00,2021-11-15,07:00,11,12,7,5.0,4,91,315,17,94,0.0,1027,53.333,-6.249
2021-11-15 08:00:00,2021-11-15,08:00,11,12,7,5.0,4,90,316,18,87,0.0,1027,53.333,-6.249
2021-11-15 09:00:00,2021-11-15,09:00,11,12,7,5.0,4,89,317,18,81,0.0,1028,53.333,-6.249
2021-11-15 10:00:00,2021-11-15,10:00,11,12,7,5.0,4,87,318,18,79,0.0,1028,53.333,-6.249
2021-11-15 11:00:00,2021-11-15,11:00,11,12,7,5.0,4,84,320,14,76,0.0,1028,53.333,-6.249
2021-11-15 12:00:00,2021-11-15,12:00,11,12,7,5.0,4,81,321,15,74,0.0,1029,53.333,-6.249
2021-11-15 13:00:00,2021-11-15,13:00,11,12,7,5.0,4,80,324,17,68,0.0,1028,53.333,-6.249
2021-11-15 14:00:00,2021-11-15,14:00,11,12,7,5.0,4,79,326,15,61,0.0,1028,53.333,-6.249
2021-11-15 15:00:00,2021-11-15,15:00,11,12,7,5.0,4,78,329,13,55,0.0,1028,53.333,-6.249
2021-11-15 16:00:00,2021-11-15,16:00,11,12,7,5.0,4,80,325,12,42,0.0,1028,53.333,-6.249
2021-11-15 17:00:00,2021-11-15,17:00,11,12,7,5.0,4,82,320,11,30,0.0,1028,53.333,-6.249
2021-11-15 18:00:00,2021-11-15,18:00,11,12,7,5.0,4,84,316,10,17,0.0,1028,53.333,-6.249
2021-11-15 19:00:00,2021-11-15,19:00,11,12,7,5.0,4,84,309,9,25,0.0,1028,53.333,-6.249
2021-11-15 20:00:00,2021-11-15,20:00,11,12,7,5.0,4,85,301,8,33,0.0,1028,53.333,-6.249
2021-11-15 21:00:00,2021-11-15,21:00,11,12,7,5.0,4,85,293,8,41,0.0,1028,53.333,-6.249
2021-11-15 22:00:00,2021-11-15,22:00,11,12,7,5.0,4,84,283,8,34,0.0,1027,53.333,-6.249
2021-11-15 23:00:00,2021-11-15,23:00,11,12,7,5.0,4,82,274,9,26,0.0,1026,53.333,-6.249
2021-11-16 00:00:00,2021-11-16,00:00,10,12,7,2.0,3,81,264,9,19,0.0,1025,53.333,-6.249
2021-11-16 01:00:00,2021-11-16,01:00,10,12,7,2.0,3,79,246,8,18,0.0,1025,53.333,-6.249
2021-11-16 02:00:00,2021-11-16,02:00,10,12,7,2.0,3,78,229,8,18,0.0,1024,53.333,-6.249
2021-11-16 03:00:00,2021-11-16,03:00,10,12,7,2.0,3,77,211,7,18,0.0,1023,53.333,-6.249
2021-11-16 04:00:00,2021-11-16,04:00,10,12,7,2.0,3,76,220,7,39,0.0,1023,53.333,-6.249
2021-11-16 05:00:00,2021-11-16,05:00,10,12,7,2.0,3,75,228,7,60,0.0,1022,53.333,-6.249
2021-11-16 06:00:00,2021-11-16,06:00,10,12,7,2.0,3,74,237,11,81,0.0,1022,53.333,-6.249
2021-11-16 07:00:00,2021-11-16,07:00,10,12,7,2.0,3,74,227,12,87,0.0,1021,53.333,-6.249
2021-11-16 08:00:00,2021-11-16,08:00,10,12,7,2.0,3,75,217,13,94,0.0,1021,53.333,-6.249
2021-11-16 09:00:00,2021-11-16,09:00,10,12,7,2.0,3,75,207,14,100,0.0,1020,53.333,-6.249
2021-11-16 10:00:00,2021-11-16,10:00,10,12,7,2.0,3,74,210,13,99,0.0,1019,53.333,-6.249
2021-11-16 11:00:00,2021-11-16,11:00,10,12,7,2.0,3,73,213,15,98,0.0,1018,53.333,-6.249
2021-11-16 12:00:00,2021-11-16,12:00,10,12,7,2.0,3,71,215,18,98,0.0,1017,53.333,-6.249
2021-11-16 13:00:00,2021-11-16,13:00,10,12,7,2.0,3,73,218,20,87,0.0,1016,53.333,-6.249
2021-11-16 14:00:00,2021-11-16,14:00,10,12,7,2.0,3,75,220,23,76,0.0,1015,53.333,-6.249
2021-11-16 15:00:00,2021-11-16,15:00,10,12,7,2.0,3,77,223,25,65,0.6,1015,53.333,-6.249
2021-11-16 16:00:00,2021-11-16,16:00,10,12,7,2.0,3,80,239,25,64,0.0,1015,53.333,-6.249
2021-11-16 17:00:00,2021-11-16,17:00,10,12,7,2.0,3,82,255,26,64,0.0,1015,53.333,-6.249
2021-11-16 18:00:00,2021-11-16,18:00,10,12,7,2.0,3,85,272,26,63,0.0,1016,53.333,-6.249
2021-11-16 19:00:00,2021-11-16,19:00,10,12,7,2.0,3,83,279,23,67,0.0,1016,53.333,-6.249
2021-11-16 20:00:00,2021-11-16,20:00,10,12,7,2.0,3,82,287,27,71,0.0,1017,53.333,-6.249
2021-11-16 21:00:00,2021-11-16,21:00,10,12,7,2.0,3,80,295,23,75,0.0,1018,53.333,-6.249
2021-11-16 22:00:00,2021-11-16,22:00,10,12,7,2.0,3,76,292,23,67,0.0,1019,53.333,-6.249
2021-11-16 23:00:00,2021-11-16,23:00,10,12,7,2.0,3,73,289,26,59,0.0,1019,53.333,-6.249
2021-11-17 00:00:00,2021-11-17,00:00,10,11,8,7.0,3,69,287,26,51,0.0,1020,53.333,-6.249
2021-11-17 01:00:00,2021-11-17,01:00,10,11,8,7.0,3,72,284,24,61,0.0,1020,53.333,-6.249
2021-11-17 02:00:00,2021-11-17,02:00,10,11,8,7.0,3,75,281,23,71,0.0,1020,53.333,-6.249
2021-11-17 03:00:00,2021-11-17,03:00,10,11,8,7.0,3,79,278,22,80,0.0,1021,53.333,-6.249
2021-11-17 04:00:00,2021-11-17,04:00,10,11,8,7.0,3,77,276,23,82,0.0,1021,53.333,-6.249
2021-11-17 05:00:00,2021-11-17,05:00,10,11,8,7.0,3,76,274,25,84,0.0,1021,53.333,-6.249
2021-11-17 06:00:00,2021-11-17,06:00,10,11,8,7.0,3,75,272,23,86,0.0,1022,53.333,-6.249
2021-11-17 07:00:00,2021-11-17,07:00,10,11,8,7.0,3,74,271,26,84,0.0,1022,53.333,-6.249
2021-11-17 08:00:00,2021-11-17,08:00,10,11,8,7.0,3,72,270,22,81,0.0,1022,53.333,-6.249
2021-11-17 09:00:00,2021-11-17,09:00,10,11,8,7.0,3,71,269,25,79,0.0,1023,53.333,-6.249
2021-11-17 10:00:00,2021-11-17,10:00,10,11,8,7.0,3,71,270,26,55,0.0,1023,53.333,-6.249
2021-11-17 11:00:00,2021-11-17,11:00,10,11,8,7.0,3,71,271,23,31,0.0,1023,53.333,-6.249
2021-11-17 12:00:00,2021-11-17,12:00,10,11,8,7.0,3,71,272,27,7,0.0,1023,53.333,-6.249
2021-11-17 13:00:00,2021-11-17,13:00,10,11,8,7.0,3,72,271,27,23,0.0,1023,53.333,-6.249
2021-11-17 14:00:00,2021-11-17,14:00,10,11,8,7.0,3,73,270,26,38,0.0,1022,53.333,-6.249
2021-11-17 15:00:00,2021-11-17,15:00,10,11,8,7.0,3,75,269,22,53,0.0,1022,53.333,-6.249
2021-11-17 16:00:00,2021-11-17,16:00,10,11,8,7.0,3,76,268,21,42,0.0,1022,53.333,-6.249
2021-11-17 17:00:00,2021-11-17,17:00,10,11,8,7.0,3,78,268,20,30,0.0,1023,53.333,-6.249
2021-11-17 18:00:00,2021-11-17,18:00,10,11,8,7.0,3,79,267,23,19,0.0,1023,53.333,-6.249
2021-11-17 19:00:00,2021-11-17,19:00,10,11,8,7.0,3,80,265,22,43,0.0,1023,53.333,-6.249
2021-11-17 20:00:00,2021-11-17,20:00,10,11,8,7.0,3,81,264,20,66,0.0,1023,53.333,-6.249
2021-11-17 21:00:00,2021-11-17,21:00,10,11,8,7.0,3,82,262,19,90,0.0,1023,53.333,-6.249
2021-11-17 22:00:00,2021-11-17,22:00,10,11,8,7.0,3,84,255,20,89,0.0,1023,53.333,-6.249
2021-11-17 23:00:00,2021-11-17,23:00,10,11,8,7.0,3,87,247,20,89,0.0,1023,53.333,-6.249
2021-11-18 00:00:00,2021-11-18,00:00,12,14,12,9.0,3,89,240,21,89,0.0,1023,53.333,-6.249
2021-11-18 01:00:00,2021-11-18,01:00,12,14,12,9.0,3,90,245,21,87,0.0,1023,53.333,-6.249
2021-11-18 02:00:00,2021-11-18,02:00,12,14,12,9.0,3,91,249,21,86,0.0,1023,53.333,-6.249
2021-11-18 03:00:00,2021-11-18,03:00,12,14,12,9.0,3,91,254,21,84,0.0,1023,53.333,-6.249
2021-11-18 04:00:00,2021-11-18,04:00,12,14,12,9.0,3,91,255,21,89,0.0,1023,53.333,-6.249
2021-11-18 05:00:00,2021-11-18,05:00,12,14,12,9.0,3,91,256,22,95,0.0,1023,53.333,-6.249
2021-11-18 06:00:00,2021-11-18,06:00,12,14,12,9.0,3,90,256,22,100,0.0,1023,53.333,-6.249
2021-11-18 07:00:00,2021-11-18,07:00,12,14,12,9.0,3,88,255,22,71,0.0,1023,53.333,-6.249
2021-11-18 08:00:00,2021-11-18,08:00,12,14,12,9.0,3,86,253,22,42,0.0,1024,53.333,-6.249
2021-11-18 09:00:00,2021-11-18,09:00,12,14,12,9.0,3,84,251,22,13,0.0,1024,53.333,-6.249
2021-11-18 10:00:00,2021-11-18,10:00,12,14,12,9.0,3,83,252,21,12,0.0,1024,53.333,-6.249
2021-11-18 11:00:00,2021-11-18,11:00,12,14,12,9.0,3,81,252,21,10,0.0,1024,53.333,-6.249
2021-11-18 12:00:00,2021-11-18,12:00,12,14,12,9.0,3,80,253,20,9,0.0,1024,53.333,-6.249
2021-11-18 13:00:00,2021-11-18,13:00,12,14,12,9.0,3,80,253,20,14,0.0,1024,53.333,-6.249
2021-11-18 14:00:00,2021-11-18,14:00,12,14,12,9.0,3,80,254,20,19,0.0,1024,53.333,-6.249
2021-11-18 15:00:00,2021-11-18,15:00,12,14,12,9.0,3,80,254,20,24,0.0,1024,53.333,-6.249
2021-11-18 16:00:00,2021-11-18,16:00,12,14,12,9.0,3,82,255,19,25,0.0,1025,53.333,-6.249
2021-11-18 17:00:00,2021-11-18,17:00,12,14,12,9.0,3,83,255,18,27,0.0,1025,53.333,-6.249
2021-11-18 18:00:00,2021-11-18,18:00,12,14,12,9.0,3,85,255,17,28,0.0,1025,53.333,-6.249
2021-11-18 19:00:00,2021-11-18,19:00,12,14,12,9.0,3,86,253,15,33,0.0,1026,53.333,-6.249
2021-11-18 20:00:00,2021-11-18,20:00,12,14,12,9.0,3,87,250,13,38,0.0,1026,53.333,-6.249
2021-11-18 21:00:00,2021-11-18,21:00,12,14,12,9.0,3,87,248,12,43,0.0,1027,53.333,-6.249
2021-11-18 22:00:00,2021-11-18,22:00,12,14,12,9.0,3,82,245,15,30,0.0,1027,53.333,-6.249
2021-11-18 23:00:00,2021-11-18,23:00,12,14,12,9.0,3,77,242,17,17,0.0,1027,53.333,-6.249
2021-11-19 00:00:00,2021-11-19,00:00,12,14,9,9.0,4,71,240,20,4,0.0,1027,53.333,-6.249
2021-11-19 01:00:00,2021-11-19,01:00,12,14,9,9.0,4,71,240,21,3,0.0,1027,53.333,-6.249
2021-11-19 02:00:00,2021-11-19,02:00,12,14,9,9.0,4,71,241,22,2,0.0,1027,53.333,-6.249
2021-11-19 03:00:00,2021-11-19,03:00,12,14,9,9.0,4,71,242,23,1,0.0,1027,53.333,-6.249
2021-11-19 04:00:00,2021-11-19,04:00,12,14,9,9.0,4,71,244,22,2,0.0,1027,53.333,-6.249
2021-11-19 05:00:00,2021-11-19,05:00,12,14,9,9.0,4,70,246,22,3,0.0,1027,53.333,-6.249
2021-11-19 06:00:00,2021-11-19,06:00,12,14,9,9.0,4,70,248,22,4,0.0,1027,53.333,-6.249
2021-11-19 07:00:00,2021-11-19,07:00,12,14,9,9.0,4,70,245,21,12,0.0,1028,53.333,-6.249
2021-11-19 08:00:00,2021-11-19,08:00,12,14,9,9.0,4,70,242,19,21,0.0,1028,53.333,-6.249
2021-11-19 09:00:00,2021-11-19,09:00,12,14,9,9.0,4,70,240,18,30,0.0,1028,53.333,-6.249
2021-11-19 10:00:00,2021-11-19,10:00,12,14,9,9.0,4,68,239,17,22,0.0,1028,53.333,-6.249
2021-11-19 11:00:00,2021-11-19,11:00,12,14,9,9.0,4,67,238,15,14,0.0,1028,53.333,-6.249
2021-11-19 12:00:00,2021-11-19,12:00,12,14,9,9.0,4,65,238,14,6,0.0,1028,53.333,-6.249
2021-11-19 13:00:00,2021-11-19,13:00,12,14,9,9.0,4,67,236,13,4,0.0,1028,53.333,-6.249
2021-11-19 14:00:00,2021-11-19,14:00,12,14,9,9.0,4,68,234,12,2,0.0,1028,53.333,-6.249
2021-11-19 15:00:00,2021-11-19,15:00,12,14,9,9.0,4,70,232,11,0,0.0,1028,53.333,-6.249
2021-11-19 16:00:00,2021-11-19,16:00,12,14,9,9.0,4,75,228,11,0,0.0,1028,53.333,-6.249
2021-11-19 17:00:00,2021-11-19,17:00,12,14,9,9.0,4,80,224,11,0,0.0,1028,53.333,-6.249
2021-11-19 18:00:00,2021-11-19,18:00,12,14,9,9.0,4,86,221,12,0,0.0,1028,53.333,-6.249
2021-11-19 19:00:00,2021-11-19,19:00,12,14,9,9.0,4,86,230,11,0,0.0,1028,53.333,-6.249
2021-11-19 20:00:00,2021-11-19,20:00,12,14,9,9.0,4,87,238,10,0,0.0,1029,53.333,-6.249
2021-11-19 21:00:00,2021-11-19,21:00,12,14,9,9.0,4,88,247,9,0,0.0,1029,53.333,-6.249
2021-11-19 22:00:00,2021-11-19,22:00,12,14,9,9.0,4,86,245,9,0,0.0,1029,53.333,-6.249
2021-11-19 23:00:00,2021-11-19,23:00,12,14,9,9.0,4,84,244,10,0,0.0,1029,53.333,-6.249
2021-11-20 00:00:00,2021-11-20,00:00,10,13,7,6.0,4,82,242,10,0,0.0,1029,53.333,-6.249
2021-11-20 01:00:00,2021-11-20,01:00,10,13,7,6.0,4,83,240,10,0,0.0,1028,53.333,-6.249
2021-11-20 02:00:00,2021-11-20,02:00,10,13,7,6.0,4,84,238,10,0,0.0,1028,53.333,-6.249
2021-11-20 03:00:00,2021-11-20,03:00,10,13,7,6.0,4,85,236,10,0,0.0,1028,53.333,-6.249
2021-11-20 04:00:00,2021-11-20,04:00,10,13,7,6.0,4,86,236,10,9,0.0,1027,53.333,-6.249
2021-11-20 05:00:00,2021-11-20,05:00,10,13,7,6.0,4,86,236,11,17,0.0,1027,53.333,-6.249
2021-11-20 06:00:00,2021-11-20,06:00,10,13,7,6.0,4,87,236,11,26,0.0,1027,53.333,-6.249
2021-11-20 07:00:00,2021-11-20,07:00,10,13,7,6.0,4,85,244,13,41,0.0,1027,53.333,-6.249
2021-11-20 08:00:00,2021-11-20,08:00,10,13,7,6.0,4,82,251,16,57,0.0,1026,53.333,-6.249
2021-11-20 09:00:00,2021-11-20,09:00,10,13,7,6.0,4,80,258,19,72,0.0,1026,53.333,-6.249
2021-11-20 10:00:00,2021-11-20,10:00,10,13,7,6.0,4,77,256,19,64,0.0,1026,53.333,-6.249
2021-11-20 11:00:00,2021-11-20,11:00,10,13,7,6.0,4,75,253,18,56,0.0,1025,53.333,-6.249
2021-11-20 12:00:00,2021-11-20,12:00,10,13,7,6.0,4,72,251,18,47,0.0,1024,53.333,-6.249
2021-11-20 13:00:00,2021-11-20,13:00,10,13,7,6.0,4,76,262,19,65,0.0,1024,53.333,-6.249
2021-11-20 14:00:00,2021-11-20,14:00,10,13,7,6.0,4,81,273,20,82,0.0,1024,53.333,-6.249
2021-11-20 15:00:00,2021-11-20,15:00,10,13,7,6.0,4,85,283,20,100,0.1,1023,53.333,-6.249
2021-11-20 16:00:00,2021-11-20,16:00,10,13,7,6.0,4,84,298,22,96,0.0,1024,53.333,-6.249
2021-11-20 17:00:00,2021-11-20,17:00,10,13,7,6.0,4,83,312,20,92,0.0,1024,53.333,-6.249
2021-11-20 18:00:00,2021-11-20,18:00,10,13,7,6.0,4,83,327,21,88,0.0,1024,53.333,-6.249
2021-11-20 19:00:00,2021-11-20,19:00,10,13,7,6.0,4,83,323,25,60,0.0,1025,53.333,-6.249
2021-11-20 20:00:00,2021-11-20,20:00,10,13,7,6.0,4,83,320,24,32,0.0,1025,53.333,-6.249
2021-11-20 21:00:00,2021-11-20,21:00,10,13,7,6.0,4,83,316,22,4,0.0,1026,53.333,-6.249
2021-11-20 22:00:00,2021-11-20,22:00,10,13,7,6.0,4,83,312,23,29,0.0,1025,53.333,-6.249
2021-11-20 23:00:00,2021-11-20,23:00,10,13,7,6.0,4,83,308,23,54,0.0,1024,53.333,-6.249
2021-11-21 00:00:00,2021-11-21,00:00,8,9,5,3.0,2,82,304,23,79,0.0,1023,53.333,-6.249
2021-11-21 01:00:00,2021-11-21,01:00,8,9,5,3.0,2,82,303,24,61,0.0,1023,53.333,-6.249
2021-11-21 02:00:00,2021-11-21,02:00,8,9,5,3.0,2,81,303,25,43,0.0,1023,53.333,-6.249
2021-11-21 03:00:00,2021-11-21,03:00,8,9,5,3.0,2,81,303,26,25,0.0,1023,53.333,-6.249
2021-11-21 04:00:00,2021-11-21,04:00,8,9,5,3.0,2,82,303,26,24,0.0,1023,53.333,-6.249
2021-11-21 05:00:00,2021-11-21,05:00,8,9,5,3.0,2,84,304,26,24,0.0,1023,53.333,-6.249
2021-11-21 06:00:00,2021-11-21,06:00,8,9,5,3.0,2,85,305,26,23,0.0,1022,53.333,-6.249
2021-11-21 07:00:00,2021-11-21,07:00,8,9,5,3.0,2,81,316,27,41,0.0,1023,53.333,-6.249
2021-11-21 08:00:00,2021-11-21,08:00,8,9,5,3.0,2,77,327,25,59,0.0,1023,53.333,-6.249
2021-11-21 09:00:00,2021-11-21,09:00,8,9,5,3.0,2,73,339,26,77,0.0,1024,53.333,-6.249
2021-11-21 10:00:00,2021-11-21,10:00,8,9,5,3.0,2,70,343,25,75,0.0,1024,53.333,-6.249
2021-11-21 11:00:00,2021-11-21,11:00,8,9,5,3.0,2,67,347,26,72,0.0,1025,53.333,-6.249
2021-11-21 12:00:00,2021-11-21,12:00,8,9,5,3.0,2,64,351,27,70,0.0,1025,53.333,-6.249
2021-11-21 13:00:00,2021-11-21,13:00,8,9,5,3.0,2,65,351,27,76,0.0,1025,53.333,-6.249
2021-11-21 14:00:00,2021-11-21,14:00,8,9,5,3.0,2,66,352,26,82,0.0,1025,53.333,-6.249
2021-11-21 15:00:00,2021-11-21,15:00,8,9,5,3.0,2,68,352,26,88,0.0,1025,53.333,-6.249
2021-11-21 16:00:00,2021-11-21,16:00,8,9,5,3.0,2,67,240,26,79,0.0,1026,53.333,-6.249
2021-11-21 17:00:00,2021-11-21,17:00,8,9,5,3.0,2,66,128,26,70,0.0,1027,53.333,-6.249
2021-11-21 18:00:00,2021-11-21,18:00,8,9,5,3.0,2,65,17,27,61,0.0,1028,53.333,-6.249
2021-11-21 19:00:00,2021-11-21,19:00,8,9,5,3.0,2,65,18,26,66,0.0,1028,53.333,-6.249
2021-11-21 20:00:00,2021-11-21,20:00,8,9,5,3.0,2,65,20,24,71,0.0,1029,53.333,-6.249
2021-11-21 21:00:00,2021-11-21,21:00,8,9,5,3.0,2,65,22,23,76,0.0,1030,53.333,-6.249
2021-11-21 22:00:00,2021-11-21,22:00,8,9,5,3.0,2,68,16,21,59,0.0,1031,53.333,-6.249
2021-11-21 23:00:00,2021-11-21,23:00,8,9,5,3.0,2,70,10,21,41,0.0,1032,53.333,-6.249
2021-11-22 00:00:00,2021-11-22,00:00,6,8,4,8.0,3,73,4,16,23,0.0,1033,53.333,-6.249
2021-11-22 01:00:00,2021-11-22,01:00,6,8,4,8.0,3,74,113,14,25,0.0,1033,53.333,-6.249
2021-11-22 02:00:00,2021-11-22,02:00,6,8,4,8.0,3,75,222,13,26,0.0,1033,53.333,-6.249
2021-11-22 03:00:00,2021-11-22,03:00,6,8,4,8.0,3,77,331,11,28,0.0,1033,53.333,-6.249
2021-11-22 04:00:00,2021-11-22,04:00,6,8,4,8.0,3,80,321,12,21,0.0,1034,53.333,-6.249
2021-11-22 05:00:00,2021-11-22,05:00,6,8,4,8.0,3,82,311,13,15,0.0,1034,53.333,-6.249
2021-11-22 06:00:00,2021-11-22,06:00,6,8,4,8.0,3,85,301,14,8,0.0,1034,53.333,-6.249
2021-11-22 07:00:00,2021-11-22,07:00,6,8,4,8.0,3,86,301,14,9,0.0,1035,53.333,-6.249
2021-11-22 08:00:00,2021-11-22,08:00,6,8,4,8.0,3,87,301,13,10,0.0,1035,53.333,-6.249
2021-11-22 09:00:00,2021-11-22,09:00,6,8,4,8.0,3,88,302,13,10,0.0,1036,53.333,-6.249
2021-11-22 10:00:00,2021-11-22,10:00,6,8,4,8.0,3,84,312,13,12,0.0,1036,53.333,-6.249
2021-11-22 11:00:00,2021-11-22,11:00,6,8,4,8.0,3,80,321,14,13,0.0,1036,53.333,-6.249
2021-11-22 12:00:00,2021-11-22,12:00,6,8,4,8.0,3,76,331,14,15,0.0,1036,53.333,-6.249
2021-11-22 13:00:00,2021-11-22,13:00,6,8,4,8.0,3,76,333,14,23,0.0,1036,53.333,-6.249
2021-11-22 14:00:00,2021-11-22,14:00,6,8,4,8.0,3,76,335,13,31,0.0,1036,53.333,-6.249
2021-11-22 15:00:00,2021-11-22,15:00,6,8,4,8.0,3,77,337,13,39,0.0,1036,53.333,-6.249
2021-11-22 16:00:00,2021-11-22,16:00,6,8,4,8.0,3,79,330,12,60,0.0,1036,53.333,-6.249
2021-11-22 17:00:00,2021-11-22,17:00,6,8,4,8.0,3,82,323,12,80,0.0,1036,53.333,-6.249
2021-11-22 18:00:00,2021-11-22,18:00,6,8,4,8.0,3,84,316,11,100,0.0,1037,53.333,-6.249
2021-11-22 19:00:00,2021-11-22,19:00,6,8,4,8.0,3,84,320,11,100,0.0,1037,53.333,-6.249
2021-11-22 20:00:00,2021-11-22,20:00,6,8,4,8.0,3,84,323,11,100,0.0,1037,53.333,-6.249
2021-11-22 21:00:00,2021-11-22,21:00,6,8,4,8.0,3,84,327,10,100,0.0,1037,53.333,-6.249
2021-11-22 22:00:00,2021-11-22,22:00,6,8,4,8.0,3,86,317,11,94,0.0,1037,53.333,-6.249
2021-11-22 23:00:00,2021-11-22,23:00,6,8,4,8.0,3,87,307,11,87,0.0,1037,53.333,-6.249
2021-11-23 00:00:00,2021-11-23,00:00,6,8,5,8.0,2,88,297,12,81,0.0,1037,53.333,-6.249
2021-11-23 01:00:00,2021-11-23,01:00,6,8,5,8.0,2,88,295,12,74,0.0,1037,53.333,-6.249
2021-11-23 02:00:00,2021-11-23,02:00,6,8,5,8.0,2,87,292,12,68,0.0,1037,53.333,-6.249
2021-11-23 03:00:00,2021-11-23,03:00,6,8,5,8.0,2,87,290,12,61,0.0,1037,53.333,-6.249
2021-11-23 04:00:00,2021-11-23,04:00,6,8,5,8.0,2,86,290,12,58,0.0,1036,53.333,-6.249
2021-11-23 05:00:00,2021-11-23,05:00,6,8,5,8.0,2,86,289,12,55,0.0,1036,53.333,-6.249
2021-11-23 06:00:00,2021-11-23,06:00,6,8,5,8.0,2,86,289,12,52,0.0,1036,53.333,-6.249
2021-11-23 07:00:00,2021-11-23,07:00,6,8,5,8.0,2,86,289,12,47,0.0,1037,53.333,-6.249
2021-11-23 08:00:00,2021-11-23,08:00,6,8,5,8.0,2,87,290,12,43,0.0,1037,53.333,-6.249
2021-11-23 09:00:00,2021-11-23,09:00,6,8,5,8.0,2,87,290,12,38,0.0,1037,53.333,-6.249
2021-11-23 10:00:00,2021-11-23,10:00,6,8,5,8.0,2,84,295,12,33,0.0,1037,53.333,-6.249
2021-11-23 11:00:00,2021-11-23,11:00,6,8,5,8.0,2,82,299,12,29,0.0,1037,53.333,-6.249
2021-11-23 12:00:00,2021-11-23,12:00,6,8,5,8.0,2,79,304,11,24,0.0,1036,53.333,-6.249
2021-11-23 13:00:00,2021-11-23,13:00,6,8,5,8.0,2,80,306,11,25,0.0,1036,53.333,-6.249
2021-11-23 14:00:00,2021-11-23,14:00,6,8,5,8.0,2,80,309,11,26,0.0,1036,53.333,-6.249
2021-11-23 15:00:00,2021-11-23,15:00,6,8,5,8.0,2,81,312,11,27,0.0,1035,53.333,-6.249
2021-11-23 16:00:00,2021-11-23,16:00,6,8,5,8.0,2,83,304,10,28,0.0,1035,53.333,-6.249
2021-11-23 17:00:00,2021-11-23,17:00,6,8,5,8.0,2,85,296,10,29,0.0,1035,53.333,-6.249
2021-11-23 18:00:00,2021-11-23,18:00,6,8,5,8.0,2,87,288,10,31,0.0,1035,53.333,-6.249
2021-11-23 19:00:00,2021-11-23,19:00,6,8,5,8.0,2,87,284,9,25,0.0,1035,53.333,-6.249
2021-11-23 20:00:00,2021-11-23,20:00,6,8,5,8.0,2,86,281,9,20,0.0,1034,53.333,-6.249
2021-11-23 21:00:00,2021-11-23,21:00,6,8,5,8.0,2,86,277,9,15,0.0,1034,53.333,-6.249
2021-11-23 22:00:00,2021-11-23,22:00,6,8,5,8.0,2,86,273,10,12,0.0,1033,53.333,-6.249
2021-11-23 23:00:00,2021-11-23,23:00,6,8,5,8.0,2,86,268,10,10,0.0,1031,53.333,-6.249
2021-11-24 00:00:00,2021-11-24,00:00,6,8,4,4.0,3,87,263,11,8,0.0,1030,53.333,-6.249
2021-11-24 01:00:00,2021-11-24,01:00,6,8,4,4.0,3,87,256,10,16,0.0,1029,53.333,-6.249
2021-11-24 02:00:00,2021-11-24,02:00,6,8,4,4.0,3,87,248,10,25,0.0,1028,53.333,-6.249
2021-11-24 03:00:00,2021-11-24,03:00,6,8,4,4.0,3,87,240,10,33,0.0,1027,53.333,-6.249
2021-11-24 04:00:00,2021-11-24,04:00,6,8,4,4.0,3,85,232,11,38,0.0,1026,53.333,-6.249
2021-11-24 05:00:00,2021-11-24,05:00,6,8,4,4.0,3,83,225,13,43,0.0,1025,53.333,-6.249
2021-11-24 06:00:00,2021-11-24,06:00,6,8,4,4.0,3,80,217,15,48,0.0,1024,53.333,-6.249
2021-11-24 07:00:00,2021-11-24,07:00,6,8,4,4.0,3,83,238,18,65,0.0,1023,53.333,-6.249
2021-11-24 08:00:00,2021-11-24,08:00,6,8,4,4.0,3,86,260,20,83,0.0,1022,53.333,-6.249
2021-11-24 09:00:00,2021-11-24,09:00,6,8,4,4.0,3,89,281,23,100,0.0,1022,53.333,-6.249
2021-11-24 10:00:00,2021-11-24,10:00,6,8,4,4.0,3,85,282,22,95,0.0,1021,53.333,-6.249
2021-11-24 11:00:00,2021-11-24,11:00,6,8,4,4.0,3,81,284,21,90,0.1,1020,53.333,-6.249
2021-11-24 12:00:00,2021-11-24,12:00,6,8,4,4.0,3,77,286,21,85,0.1,1019,53.333,-6.249
2021-11-24 13:00:00,2021-11-24,13:00,6,8,4,4.0,3,76,293,20,63,0.1,1019,53.333,-6.249
2021-11-24 14:00:00,2021-11-24,14:00,6,8,4,4.0,3,75,301,20,41,0.0,1018,53.333,-6.249
2021-11-24 15:00:00,2021-11-24,15:00,6,8,4,4.0,3,74,308,19,20,0.0,1017,53.333,-6.249
2021-11-24 16:00:00,2021-11-24,16:00,6,8,4,4.0,3,77,299,18,16,0.0,1017,53.333,-6.249
2021-11-24 17:00:00,2021-11-24,17:00,6,8,4,4.0,3,80,290,17,12,0.0,1017,53.333,-6.249
2021-11-24 18:00:00,2021-11-24,18:00,6,8,4,4.0,3,84,281,16,9,0.0,1017,53.333,-6.249
2021-11-24 19:00:00,2021-11-24,19:00,6,8,4,4.0,3,85,285,17,25,0.0,1017,53.333,-6.249
2021-11-24 20:00:00,2021-11-24,20:00,6,8,4,4.0,3,86,290,19,41,0.0,1017,53.333,-6.249
2021-11-24 21:00:00,2021-11-24,21:00,6,8,4,4.0,3,87,294,20,57,0.0,1018,53.333,-6.249
2021-11-24 22:00:00,2021-11-24,22:00,6,8,4,4.0,3,85,305,23,56,0.0,1019,53.333,-6.249
2021-11-24 23:00:00,2021-11-24,23:00,6,8,4,4.0,3,84,316,26,55,0.0,1020,53.333,-6.249
2021-11-25 00:00:00,2021-11-25,00:00,5,6,4,6.0,3,82,327,30,55,0.0,1022,53.333,-6.249
2021-11-25 01:00:00,2021-11-25,01:00,5,6,4,6.0,3,81,325,30,69,0.0,1022,53.333,-6.249
2021-11-25 02:00:00,2021-11-25,02:00,5,6,4,6.0,3,81,323,27,82,0.0,1022,53.333,-6.249
2021-11-25 03:00:00,2021-11-25,03:00,5,6,4,6.0,3,80,321,27,96,0.0,1022,53.333,-6.249
2021-11-25 04:00:00,2021-11-25,04:00,5,6,4,6.0,3,78,325,27,88,0.0,1022,53.333,-6.249
2021-11-25 05:00:00,2021-11-25,05:00,5,6,4,6.0,3,77,330,29,79,0.0,1022,53.333,-6.249
2021-11-25 06:00:00,2021-11-25,06:00,5,6,4,6.0,3,75,334,29,71,0.0,1022,53.333,-6.249
2021-11-25 07:00:00,2021-11-25,07:00,5,6,4,6.0,3,74,335,29,71,0.0,1023,53.333,-6.249
2021-11-25 08:00:00,2021-11-25,08:00,5,6,4,6.0,3,72,337,28,71,0.0,1023,53.333,-6.249
2021-11-25 09:00:00,2021-11-25,09:00,5,6,4,6.0,3,71,339,27,71,0.0,1024,53.333,-6.249
2021-11-25 10:00:00,2021-11-25,10:00,5,6,4,6.0,3,71,338,27,75,0.0,1024,53.333,-6.249
2021-11-25 11:00:00,2021-11-25,11:00,5,6,4,6.0,3,72,338,26,78,0.0,1024,53.333,-6.249
2021-11-25 12:00:00,2021-11-25,12:00,5,6,4,6.0,3,72,337,25,82,0.0,1024,53.333,-6.249
2021-11-25 13:00:00,2021-11-25,13:00,5,6,4,6.0,3,72,335,26,74,0.0,1024,53.333,-6.249
2021-11-25 14:00:00,2021-11-25,14:00,5,6,4,6.0,3,72,332,26,67,0.0,1023,53.333,-6.249
2021-11-25 15:00:00,2021-11-25,15:00,5,6,4,6.0,3,72,330,23,59,0.0,1023,53.333,-6.249
2021-11-25 16:00:00,2021-11-25,16:00,5,6,4,6.0,3,75,319,22,65,0.0,1023,53.333,-6.249
2021-11-25 17:00:00,2021-11-25,17:00,5,6,4,6.0,3,78,308,23,72,0.0,1023,53.333,-6.249
2021-11-25 18:00:00,2021-11-25,18:00,5,6,4,6.0,3,81,297,21,78,0.0,1023,53.333,-6.249
2021-11-25 19:00:00,2021-11-25,19:00,5,6,4,6.0,3,82,282,20,62,0.0,1022,53.333,-6.249
2021-11-25 20:00:00,2021-11-25,20:00,5,6,4,6.0,3,82,267,19,47,0.0,1021,53.333,-6.249
2021-11-25 21:00:00,2021-11-25,21:00,5,6,4,6.0,3,83,252,18,31,0.0,1020,53.333,-6.249
2021-11-25 22:00:00,2021-11-25,22:00,5,6,4,6.0,3,83,251,20,53,0.0,1018,53.333,-6.249
2021-11-25 23:00:00,2021-11-25,23:00,5,6,4,6.0,3,83,249,22,74,0.0,1016,53.333,-6.249
2021-11-26 00:00:00,2021-11-26,00:00,6,8,3,4.0,2,83,248,24,96,0.0,1014,53.333,-6.249
2021-11-26 01:00:00,2021-11-26,01:00,6,8,3,4.0,2,82,249,27,88,0.0,1012,53.333,-6.249
2021-11-26 02:00:00,2021-11-26,02:00,6,8,3,4.0,2,81,250,30,79,0.0,1010,53.333,-6.249
2021-11-26 03:00:00,2021-11-26,03:00,6,8,3,4.0,2,80,250,33,71,0.1,1007,53.333,-6.249
2021-11-26 04:00:00,2021-11-26,04:00,6,8,3,4.0,2,82,254,35,81,0.1,1005,53.333,-6.249
2021-11-26 05:00:00,2021-11-26,05:00,6,8,3,4.0,2,85,258,37,90,0.0,1002,53.333,-6.249
2021-11-26 06:00:00,2021-11-26,06:00,6,8,3,4.0,2,87,262,34,100,0.0,1000,53.333,-6.249
2021-11-26 07:00:00,2021-11-26,07:00,6,8,3,4.0,2,84,271,34,95,0.0,999,53.333,-6.249
2021-11-26 08:00:00,2021-11-26,08:00,6,8,3,4.0,2,81,280,35,91,0.0,998,53.333,-6.249
2021-11-26 09:00:00,2021-11-26,09:00,6,8,3,4.0,2,78,290,36,86,0.0,997,53.333,-6.249
2021-11-26 10:00:00,2021-11-26,10:00,6,8,3,4.0,2,76,290,35,75,0.0,996,53.333,-6.249
2021-11-26 11:00:00,2021-11-26,11:00,6,8,3,4.0,2,75,291,35,63,0.0,995,53.333,-6.249
2021-11-26 12:00:00,2021-11-26,12:00,6,8,3,4.0,2,73,291,36,51,0.0,994,53.333,-6.249
2021-11-26 13:00:00,2021-11-26,13:00,6,8,3,4.0,2,81,299,39,68,0.0,993,53.333,-6.249
2021-11-26 14:00:00,2021-11-26,14:00,6,8,3,4.0,2,88,307,37,84,0.0,992,53.333,-6.249
2021-11-26 15:00:00,2021-11-26,15:00,6,8,3,4.0,2,95,314,35,100,0.0,991,53.333,-6.249
2021-11-26 16:00:00,2021-11-26,16:00,6,8,3,4.0,2,95,301,35,96,0.0,990,53.333,-6.249
2021-11-26 17:00:00,2021-11-26,17:00,6,8,3,4.0,2,95,287,34,92,0.0,988,53.333,-6.249
2021-11-26 18:00:00,2021-11-26,18:00,6,8,3,4.0,2,96,274,34,88,0.0,987,53.333,-6.249
2021-11-26 19:00:00,2021-11-26,19:00,6,8,3,4.0,2,92,297,36,91,0.0,987,53.333,-6.249
2021-11-26 20:00:00,2021-11-26,20:00,6,8,3,4.0,2,88,320,38,94,0.0,987,53.333,-6.249
2021-11-26 21:00:00,2021-11-26,21:00,6,8,3,4.0,2,85,343,40,97,0.0,987,53.333,-6.249
2021-11-26 22:00:00,2021-11-26,22:00,6,8,3,4.0,2,88,341,45,98,0.0,988,53.333,-6.249
2021-11-26 23:00:00,2021-11-26,23:00,6,8,3,4.0,2,91,339,45,99,0.0,988,53.333,-6.249
2021-11-27 00:00:00,2021-11-27,00:00,5,6,4,1.0,2,95,337,47,100,1.1,989,53.333,-6.249
2021-11-27 01:00:00,2021-11-27,01:00,5,6,4,1.0,2,92,338,48,100,0.0,990,53.333,-6.249
2021-11-27 02:00:00,2021-11-27,02:00,5,6,4,1.0,2,89,339,48,100,0.0,992,53.333,-6.249
2021-11-27 03:00:00,2021-11-27,03:00,5,6,4,1.0,2,87,339,49,100,0.0,993,53.333,-6.249
2021-11-27 04:00:00,2021-11-27,04:00,5,6,4,1.0,2,83,340,49,100,0.0,995,53.333,-6.249
2021-11-27 05:00:00,2021-11-27,05:00,5,6,4,1.0,2,80,341,48,100,0.0,997,53.333,-6.249
2021-11-27 06:00:00,2021-11-27,06:00,5,6,4,1.0,2,77,341,48,100,0.0,998,53.333,-6.249
2021-11-27 07:00:00,2021-11-27,07:00,5,6,4,1.0,2,77,338,46,100,0.0,999,53.333,-6.249
2021-11-27 08:00:00,2021-11-27,08:00,5,6,4,1.0,2,77,334,43,100,0.0,1000,53.333,-6.249
2021-11-27 09:00:00,2021-11-27,09:00,5,6,4,1.0,2,76,330,41,100,0.0,1001,53.333,-6.249
2021-11-27 10:00:00,2021-11-27,10:00,5,6,4,1.0,2,76,331,40,100,0.0,1001,53.333,-6.249
2021-11-27 11:00:00,2021-11-27,11:00,5,6,4,1.0,2,76,332,39,100,0.0,1002,53.333,-6.249
2021-11-27 12:00:00,2021-11-27,12:00,5,6,4,1.0,2,75,333,39,100,0.0,1002,53.333,-6.249
2021-11-27 13:00:00,2021-11-27,13:00,5,6,4,1.0,2,75,336,39,100,0.0,1002,53.333,-6.249
2021-11-27 14:00:00,2021-11-27,14:00,5,6,4,1.0,2,74,338,40,100,0.0,1003,53.333,-6.249
2021-11-27 15:00:00,2021-11-27,15:00,5,6,4,1.0,2,74,341,39,100,0.0,1003,53.333,-6.249
2021-11-27 16:00:00,2021-11-27,16:00,5,6,4,1.0,2,72,340,38,100,0.0,1004,53.333,-6.249
2021-11-27 17:00:00,2021-11-27,17:00,5,6,4,1.0,2,70,340,37,100,0.0,1005,53.333,-6.249
2021-11-27 18:00:00,2021-11-27,18:00,5,6,4,1.0,2,68,339,35,100,0.0,1005,53.333,-6.249
2021-11-27 19:00:00,2021-11-27,19:00,5,6,4,1.0,2,68,340,34,100,0.0,1006,53.333,-6.249
2021-11-27 20:00:00,2021-11-27,20:00,5,6,4,1.0,2,67,341,34,100,0.0,1006,53.333,-6.249
2021-11-27 21:00:00,2021-11-27,21:00,5,6,4,1.0,2,67,342,33,100,0.0,1007,53.333,-6.249
2021-11-27 22:00:00,2021-11-27,22:00,5,6,4,1.0,2,66,342,31,91,0.0,1007,53.333,-6.249
2021-11-27 23:00:00,2021-11-27,23:00,5,6,4,1.0,2,65,342,29,82,0.0,1008,53.333,-6.249
2021-11-28 00:00:00,2021-11-28,00:00,4,6,3,8.0,1,64,343,28,73,0.0,1008,53.333,-6.249
2021-11-28 01:00:00,2021-11-28,01:00,4,6,3,8.0,1,64,342,27,60,0.0,1009,53.333,-6.249
2021-11-28 02:00:00,2021-11-28,02:00,4,6,3,8.0,1,65,341,26,48,0.0,1009,53.333,-6.249
2021-11-28 03:00:00,2021-11-28,03:00,4,6,3,8.0,1,65,340,25,35,0.0,1010,53.333,-6.249
2021-11-28 04:00:00,2021-11-28,04:00,4,6,3,8.0,1,67,336,23,35,0.0,1010,53.333,-6.249
2021-11-28 05:00:00,2021-11-28,05:00,4,6,3,8.0,1,69,332,22,35,0.0,1011,53.333,-6.249
2021-11-28 06:00:00,2021-11-28,06:00,4,6,3,8.0,1,72,328,21,36,0.0,1012,53.333,-6.249
2021-11-28 07:00:00,2021-11-28,07:00,4,6,3,8.0,1,73,326,20,40,0.0,1012,53.333,-6.249
2021-11-28 08:00:00,2021-11-28,08:00,4,6,3,8.0,1,74,324,19,43,0.0,1013,53.333,-6.249
2021-11-28 09:00:00,2021-11-28,09:00,4,6,3,8.0,1,75,321,19,47,0.0,1014,53.333,-6.249
2021-11-28 10:00:00,2021-11-28,10:00,4,6,3,8.0,1,72,323,18,40,0.0,1014,53.333,-6.249
2021-11-28 11:00:00,2021-11-28,11:00,4,6,3,8.0,1,69,325,19,32,0.0,1015,53.333,-6.249
2021-11-28 12:00:00,2021-11-28,12:00,4,6,3,8.0,1,66,328,23,25,0.0,1015,53.333,-6.249
2021-11-28 13:00:00,2021-11-28,13:00,4,6,3,8.0,1,67,326,22,28,0.0,1016,53.333,-6.249
2021-11-28 14:00:00,2021-11-28,14:00,4,6,3,8.0,1,67,324,21,31,0.0,1016,53.333,-6.249
2021-11-28 15:00:00,2021-11-28,15:00,4,6,3,8.0,1,68,322,20,35,0.0,1016,53.333,-6.249
2021-11-28 16:00:00,2021-11-28,16:00,4,6,3,8.0,1,71,311,18,40,0.0,1017,53.333,-6.249
2021-11-28 17:00:00,2021-11-28,17:00,4,6,3,8.0,1,75,301,16,45,0.0,1017,53.333,-6.249
2021-11-28 18:00:00,2021-11-28,18:00,4,6,3,8.0,1,79,290,14,50,0.0,1018,53.333,-6.249
2021-11-28 19:00:00,2021-11-28,19:00,4,6,3,8.0,1,77,279,14,50,0.0,1018,53.333,-6.249
2021-11-28 20:00:00,2021-11-28,20:00,4,6,3,8.0,1,76,269,13,50,0.0,1018,53.333,-6.249
2021-11-28 21:00:00,2021-11-28,21:00,4,6,3,8.0,1,75,258,13,50,0.0,1019,53.333,-6.249
2021-11-28 22:00:00,2021-11-28,22:00,4,6,3,8.0,1,78,271,13,49,0.0,1017,53.333,-6.249
2021-11-28 23:00:00,2021-11-28,23:00,4,6,3,8.0,1,81,284,13,48,0.0,1016,53.333,-6.249
2021-11-29 00:00:00,2021-11-29,00:00,6,10,4,3.0,3,84,297,13,48,0.0,1014,53.333,-6.249
2021-11-29 01:00:00,2021-11-29,01:00,6,10,4,3.0,3,83,292,12,48,0.0,1014,53.333,-6.249
2021-11-29 02:00:00,2021-11-29,02:00,6,10,4,3.0,3,81,288,11,48,0.0,1014,53.333,-6.249
2021-11-29 03:00:00,2021-11-29,03:00,6,10,4,3.0,3,80,284,10,47,0.0,1015,53.333,-6.249
2021-11-29 04:00:00,2021-11-29,04:00,6,10,4,3.0,3,78,276,9,65,0.0,1015,53.333,-6.249
2021-11-29 05:00:00,2021-11-29,05:00,6,10,4,3.0,3,76,268,8,82,0.0,1015,53.333,-6.249
2021-11-29 06:00:00,2021-11-29,06:00,6,10,4,3.0,3,74,259,7,100,0.0,1015,53.333,-6.249
2021-11-29 07:00:00,2021-11-29,07:00,6,10,4,3.0,3,76,238,7,100,0.0,1015,53.333,-6.249
2021-11-29 08:00:00,2021-11-29,08:00,6,10,4,3.0,3,78,218,8,100,0.0,1015,53.333,-6.249
2021-11-29 09:00:00,2021-11-29,09:00,6,10,4,3.0,3,80,197,9,100,0.1,1015,53.333,-6.249
2021-11-29 10:00:00,2021-11-29,10:00,6,10,4,3.0,3,82,215,9,100,0.1,1015,53.333,-6.249
2021-11-29 11:00:00,2021-11-29,11:00,6,10,4,3.0,3,83,233,9,100,0.0,1015,53.333,-6.249
2021-11-29 12:00:00,2021-11-29,12:00,6,10,4,3.0,3,85,251,13,100,0.0,1015,53.333,-6.249
2021-11-29 13:00:00,2021-11-29,13:00,6,10,4,3.0,3,86,254,16,81,0.0,1015,53.333,-6.249
2021-11-29 14:00:00,2021-11-29,14:00,6,10,4,3.0,3,87,257,13,62,0.0,1015,53.333,-6.249
2021-11-29 15:00:00,2021-11-29,15:00,6,10,4,3.0,3,88,261,15,43,0.0,1015,53.333,-6.249
2021-11-29 16:00:00,2021-11-29,16:00,6,10,4,3.0,3,89,263,18,55,0.0,1015,53.333,-6.249
2021-11-29 17:00:00,2021-11-29,17:00,6,10,4,3.0,3,90,265,20,67,0.0,1015,53.333,-6.249
2021-11-29 18:00:00,2021-11-29,18:00,6,10,4,3.0,3,91,267,22,80,0.0,1015,53.333,-6.249
2021-11-29 19:00:00,2021-11-29,19:00,6,10,4,3.0,3,91,269,24,78,0.0,1015,53.333,-6.249
2021-11-29 20:00:00,2021-11-29,20:00,6,10,4,3.0,3,91,271,27,75,0.0,1015,53.333,-6.249
2021-11-29 21:00:00,2021-11-29,21:00,6,10,4,3.0,3,92,273,26,73,0.0,1015,53.333,-6.249
2021-11-29 22:00:00,2021-11-29,22:00,6,10,4,3.0,3,91,273,30,82,0.0,1015,53.333,-6.249
2021-11-29 23:00:00,2021-11-29,23:00,6,10,4,3.0,3,91,274,30,91,0.0,1015,53.333,-6.249
2021-11-30 00:00:00,2021-11-30,00:00,10,12,10,2.0,2,90,274,30,100,0.0,1015,53.333,-6.249
2021-11-30 01:00:00,2021-11-30,01:00,10,12,10,2.0,2,90,277,30,90,0.0,1015,53.333,-6.249
2021-11-30 02:00:00,2021-11-30,02:00,10,12,10,2.0,2,89,281,27,80,0.0,1015,53.333,-6.249
2021-11-30 03:00:00,2021-11-30,03:00,10,12,10,2.0,2,89,284,27,70,0.0,1015,53.333,-6.249
2021-11-30 04:00:00,2021-11-30,04:00,10,12,10,2.0,2,88,283,26,69,0.0,1015,53.333,-6.249
2021-11-30 05:00:00,2021-11-30,05:00,10,12,10,2.0,2,87,282,25,68,0.0,1015,53.333,-6.249
2021-11-30 06:00:00,2021-11-30,06:00,10,12,10,2.0,2,86,281,25,68,0.0,1014,53.333,-6.249
2021-11-30 07:00:00,2021-11-30,07:00,10,12,10,2.0,2,86,278,25,58,0.0,1014,53.333,-6.249
2021-11-30 08:00:00,2021-11-30,08:00,10,12,10,2.0,2,86,274,25,48,0.0,1014,53.333,-6.249
2021-11-30 09:00:00,2021-11-30,09:00,10,12,10,2.0,2,87,271,26,38,0.0,1013,53.333,-6.249
2021-11-30 10:00:00,2021-11-30,10:00,10,12,10,2.0,2,86,269,25,58,0.0,1013,53.333,-6.249
2021-11-30 11:00:00,2021-11-30,11:00,10,12,10,2.0,2,85,267,25,77,0.0,1012,53.333,-6.249
2021-11-30 12:00:00,2021-11-30,12:00,10,12,10,2.0,2,84,265,25,97,0.0,1011,53.333,-6.249
2021-11-30 13:00:00,2021-11-30,13:00,10,12,10,2.0,2,84,258,25,94,0.6,1010,53.333,-6.249
2021-11-30 14:00:00,2021-11-30,14:00,10,12,10,2.0,2,83,252,28,91,1.3,1008,53.333,-6.249
2021-11-30 15:00:00,2021-11-30,15:00,10,12,10,2.0,2,83,246,27,88,0.4,1007,53.333,-6.249
2021-11-30 16:00:00,2021-11-30,16:00,10,12,10,2.0,2,84,245,26,92,0.9,1005,53.333,-6.249
2021-11-30 17:00:00,2021-11-30,17:00,10,12,10,2.0,2,86,243,29,95,1.4,1003,53.333,-6.249
2021-11-30 18:00:00,2021-11-30,18:00,10,12,10,2.0,2,88,242,33,99,1.6,1002,53.333,-6.249
2021-11-30 19:00:00,2021-11-30,19:00,10,12,10,2.0,2,86,255,34,91,0.7,1001,53.333,-6.249
2021-11-30 20:00:00,2021-11-30,20:00,10,12,10,2.0,2,85,267,39,83,0.2,1000,53.333,-6.249
2021-11-30 21:00:00,2021-11-30,21:00,10,12,10,2.0,2,84,280,39,76,0.2,1000,53.333,-6.249
2021-11-30 22:00:00,2021-11-30,22:00,10,12,10,2.0,2,85,290,34,84,0.0,999,53.333,-6.249
2021-11-30 23:00:00,2021-11-30,23:00,10,12,10,2.0,2,86,299,34,92,0.0,999,53.333,-6.249
2021-12-01 00:00:00,2021-12-01,00:00,8,9,4,7.0,2,87,309,35,100,1.6,998,53.333,-6.249
2021-12-01 01:00:00,2021-12-01,01:00,8,9,4,7.0,2,84,306,34,88,0.0,999,53.333,-6.249
2021-12-01 02:00:00,2021-12-01,02:00,8,9,4,7.0,2,81,303,33,77,0.0,1000,53.333,-6.249
2021-12-01 03:00:00,2021-12-01,03:00,8,9,4,7.0,2,78,300,33,65,0.0,1000,53.333,-6.249
2021-12-01 04:00:00,2021-12-01,04:00,8,9,4,7.0,2,77,298,33,67,0.0,1000,53.333,-6.249
2021-12-01 05:00:00,2021-12-01,05:00,8,9,4,7.0,2,76,296,32,68,0.0,1001,53.333,-6.249
2021-12-01 06:00:00,2021-12-01,06:00,8,9,4,7.0,2,74,295,32,70,0.0,1001,53.333,-6.249
2021-12-01 07:00:00,2021-12-01,07:00,8,9,4,7.0,2,77,299,35,75,0.0,1001,53.333,-6.249
2021-12-01 08:00:00,2021-12-01,08:00,8,9,4,7.0,2,80,304,34,81,0.0,1002,53.333,-6.249
2021-12-01 09:00:00,2021-12-01,09:00,8,9,4,7.0,2,82,308,33,86,0.0,1003,53.333,-6.249
2021-12-01 10:00:00,2021-12-01,10:00,8,9,4,7.0,2,79,312,35,75,0.0,1003,53.333,-6.249
2021-12-01 11:00:00,2021-12-01,11:00,8,9,4,7.0,2,76,316,36,64,0.0,1004,53.333,-6.249
2021-12-01 12:00:00,2021-12-01,12:00,8,9,4,7.0,2,72,320,37,53,0.0,1005,53.333,-6.249
2021-12-01 13:00:00,2021-12-01,13:00,8,9,4,7.0,2,71,322,35,60,0.0,1005,53.333,-6.249
2021-12-01 14:00:00,2021-12-01,14:00,8,9,4,7.0,2,69,324,33,68,0.0,1006,53.333,-6.249
2021-12-01 15:00:00,2021-12-01,15:00,8,9,4,7.0,2,68,326,31,75,0.0,1006,53.333,-6.249
2021-12-01 16:00:00,2021-12-01,16:00,8,9,4,7.0,2,71,322,27,70,0.0,1007,53.333,-6.249
2021-12-01 17:00:00,2021-12-01,17:00,8,9,4,7.0,2,74,318,23,65,0.0,1007,53.333,-6.249
2021-12-01 18:00:00,2021-12-01,18:00,8,9,4,7.0,2,77,315,19,60,0.0,1008,53.333,-6.249
2021-12-01 19:00:00,2021-12-01,19:00,8,9,4,7.0,2,81,307,19,51,0.0,1009,53.333,-6.249
2021-12-01 20:00:00,2021-12-01,20:00,8,9,4,7.0,2,85,300,19,42,0.0,1009,53.333,-6.249
2021-12-01 21:00:00,2021-12-01,21:00,8,9,4,7.0,2,90,293,18,34,0.0,1010,53.333,-6.249
2021-12-01 22:00:00,2021-12-01,22:00,8,9,4,7.0,2,90,290,19,40,0.0,1011,53.333,-6.249
2021-12-01 23:00:00,2021-12-01,23:00,8,9,4,7.0,2,90,288,20,47,0.0,1011,53.333,-6.249
