datetime,pm1,pm10,pm2_5,tsp,serial_number
2022-02-24 22:00:00,2.45,5.75,5.09,7.52,TNO4437
2022-02-24 23:00:00,2.79,6.7,5.74,8.83,TNO4437
2022-02-25 00:00:00,3.84,9.25,8.08,11.98,TNO4437
2022-02-25 01:00:00,3.88,10.2,8.73,13.6,TNO4437
2022-02-25 02:00:00,4.25,11.43,9.78,15.2,TNO4437
2022-02-25 03:00:00,4.17,10.8,9.39,14.25,TNO4437
2022-02-25 04:00:00,4.01,10.92,9.43,14.53,TNO4437
2022-02-25 05:00:00,5.17,16.65,13.39,22.6,TNO4437
2022-02-25 06:00:00,5.82,18.2,14.74,24.73,TNO4437
2022-02-25 07:00:00,5.79,18.38,14.66,25.1,TNO4437
2022-02-25 08:00:00,7.0,20.45,16.33,27.3,TNO4437
2022-02-25 09:00:00,8.08,21.1,16.77,27.0,TNO4437
2022-02-25 10:00:00,7.64,18.52,14.36,23.2,TNO4437
2022-02-25 11:00:00,7.68,19.57,13.95,24.9,TNO4437
2022-02-25 12:00:00,6.46,17.23,11.51,23.0,TNO4437
2022-02-25 13:00:00,5.91,16.2,10.42,22.07,TNO4437
2022-02-25 14:00:00,5.06,14.3,9.08,19.43,TNO4437
2022-02-25 15:00:00,4.69,13.05,8.13,18.05,TNO4437
2022-02-25 16:00:00,4.59,13.55,7.88,20.53,TNO4437
2022-02-25 17:00:00,4.13,11.38,7.1,16.1,TNO4437
2022-02-25 18:00:00,5.22,12.03,8.87,15.58,TNO4437
2022-02-25 19:00:00,3.81,9.05,6.97,11.65,TNO4437
2022-02-25 20:00:00,3.71,8.73,6.86,11.08,TNO4437
2022-02-25 21:00:00,2.71,6.63,4.97,8.78,TNO4437
2022-02-25 22:00:00,1.97,4.8,3.64,6.03,TNO4437
2022-02-25 23:00:00,2.18,5.35,4.16,6.9,TNO4437
2022-02-26 00:00:00,1.95,4.75,3.67,5.95,TNO4437
2022-02-26 01:00:00,2.61,6.63,5.04,8.27,TNO4437
2022-02-26 02:00:00,2.71,6.65,5.18,8.28,TNO4437
2022-02-26 03:00:00,2.48,5.8,4.47,7.32,TNO4437
2022-02-26 04:00:00,2.35,5.52,4.29,6.9,TNO4437
2022-02-26 05:00:00,2.47,5.88,4.71,7.38,TNO4437
2022-02-26 06:00:00,2.16,5.17,4.14,6.5,TNO4437
2022-02-26 07:00:00,3.07,7.33,5.7,9.38,TNO4437
2022-02-26 08:00:00,3.04,7.47,5.63,9.67,TNO4437
2022-02-26 09:00:00,3.08,7.4,5.44,9.8,TNO4437
2022-02-26 10:00:00,3.66,8.28,6.22,10.48,TNO4437
2022-02-26 11:00:00,3.42,7.25,5.74,9.35,TNO4437
2022-02-26 12:00:00,5.43,10.7,8.45,13.02,TNO4437
2022-02-26 13:00:00,6.03,11.88,9.43,14.52,TNO4437
2022-02-26 14:00:00,6.83,13.72,11.02,16.55,TNO4437
2022-02-26 15:00:00,7.38,14.3,11.56,17.75,TNO4437
2022-02-26 16:00:00,8.58,17.95,13.68,22.4,TNO4437
2022-02-26 17:00:00,8.97,18.72,14.2,23.02,TNO4437
2022-02-26 18:00:00,10.72,22.35,16.99,27.3,TNO4437
2022-02-26 19:00:00,10.7,22.23,16.37,27.3,TNO4437
2022-02-26 20:00:00,11.08,23.38,16.97,29.05,TNO4437
2022-02-26 21:00:00,10.41,21.32,15.88,26.43,TNO4437
2022-02-26 22:00:00,10.74,21.37,16.3,26.05,TNO4437
2022-02-26 23:00:00,11.83,23.5,18.19,28.32,TNO4437
2022-02-27 00:00:00,11.11,22.72,17.25,27.45,TNO4437
2022-02-27 01:00:00,10.72,22.97,17.02,27.8,TNO4437
2022-02-27 02:00:00,10.45,24.03,17.28,29.77,TNO4437
2022-02-27 03:00:00,9.99,22.4,16.34,27.7,TNO4437
2022-02-27 04:00:00,9.61,22.9,16.12,28.8,TNO4437
2022-02-27 05:00:00,10.09,24.88,17.41,31.1,TNO4437
2022-02-27 06:00:00,10.75,27.63,18.83,35.4,TNO4437
2022-02-27 07:00:00,10.96,27.88,19.63,35.17,TNO4437
2022-02-27 08:00:00,11.01,27.3,19.39,34.17,TNO4437
2022-02-27 09:00:00,10.44,26.38,17.55,33.1,TNO4437
2022-02-27 10:00:00,10.5,25.82,18.3,32.63,TNO4437
2022-02-27 11:00:00,11.16,27.18,19.26,34.15,TNO4437
2022-02-27 12:00:00,11.6,27.65,19.54,34.85,TNO4437
2022-02-27 13:00:00,11.48,27.62,19.34,34.68,TNO4437
2022-02-27 14:00:00,11.18,26.57,19.16,33.32,TNO4437
2022-02-27 15:00:00,8.74,20.67,15.33,26.0,TNO4437
2022-02-27 16:00:00,5.42,12.05,9.13,15.17,TNO4437
2022-02-27 17:00:00,2.03,4.6,3.47,6.13,TNO4437
2022-02-27 18:00:00,2.18,6.15,4.2,8.4,TNO4437
2022-02-27 19:00:00,3.01,7.95,5.69,10.58,TNO4437
2022-02-27 20:00:00,3.48,8.67,6.51,11.02,TNO4437
2022-02-27 21:00:00,4.12,8.9,7.57,10.95,TNO4437
2022-02-27 22:00:00,3.77,8.02,6.92,9.95,TNO4437
2022-02-27 23:00:00,3.41,7.17,6.35,8.75,TNO4437
2022-02-28 00:00:00,1.74,3.52,3.25,4.25,TNO4437
2022-02-28 01:00:00,0.56,1.28,1.09,1.63,TNO4437
2022-02-28 02:00:00,0.43,1.03,0.89,1.3,TNO4437
2022-02-28 03:00:00,0.37,0.92,0.76,1.22,TNO4437
2022-02-28 04:00:00,0.19,0.6,0.4,0.92,TNO4437
2022-02-28 05:00:00,0.17,0.8,0.43,1.35,TNO4437
2022-02-28 06:00:00,2.0,9.03,5.45,12.75,TNO4437
2022-02-28 07:00:00,4.16,16.25,10.2,22.4,TNO4437
2022-02-28 08:00:00,5.43,18.2,12.19,25.45,TNO4437
2022-02-28 09:00:00,6.75,18.8,14.53,25.3,TNO4437
2022-02-28 10:00:00,8.36,21.52,16.88,28.18,TNO4437
2022-02-28 11:00:00,9.48,24.65,19.01,32.02,TNO4437
2022-02-28 12:00:00,9.98,25.2,19.26,32.5,TNO4437
2022-02-28 13:00:00,9.27,22.38,17.4,28.63,TNO4437
2022-02-28 14:00:00,6.79,16.33,13.68,21.15,TNO4437
2022-02-28 15:00:00,6.31,13.35,11.01,17.12,TNO4437
2022-02-28 16:00:00,8.31,16.88,13.57,21.15,TNO4437
2022-02-28 17:00:00,7.14,15.65,11.95,19.67,TNO4437
2022-02-28 18:00:00,6.41,15.1,10.93,19.45,TNO4437
2022-02-28 19:00:00,6.77,15.88,10.91,21.93,TNO4437
2022-02-28 20:00:00,6.44,15.7,10.33,22.75,TNO4437
2022-02-28 21:00:00,6.74,15.87,10.38,22.4,TNO4437
2022-02-28 22:00:00,6.99,16.35,10.81,22.38,TNO4437
2022-02-28 23:00:00,6.75,15.25,10.33,21.4,TNO4437
2022-03-01 00:00:00,6.99,15.03,10.48,20.0,TNO4437
2022-03-01 01:00:00,6.07,13.23,9.22,17.15,TNO4437
2022-03-01 02:00:00,5.73,12.67,8.69,16.63,TNO4437
2022-03-01 03:00:00,5.91,13.05,8.95,16.97,TNO4437
2022-03-01 04:00:00,6.41,14.38,9.75,18.05,TNO4437
2022-03-01 05:00:00,6.4,13.65,9.67,17.3,TNO4437
2022-03-01 06:00:00,6.28,13.85,9.56,17.53,TNO4437
2022-03-01 07:00:00,6.93,16.37,10.79,21.35,TNO4437
2022-03-01 08:00:00,8.32,19.75,13.09,26.65,TNO4437
2022-03-01 09:00:00,7.1,20.2,12.04,28.72,TNO4437
2022-03-01 10:00:00,6.55,18.6,11.34,27.38,TNO4437
2022-03-01 11:00:00,4.74,13.42,8.55,20.5,TNO4437
2022-03-01 12:00:00,4.37,12.92,8.09,19.2,TNO4437
2022-03-01 13:00:00,4.06,11.7,7.43,16.33,TNO4437
2022-03-01 14:00:00,4.66,12.77,8.47,17.45,TNO4437
2022-03-01 15:00:00,4.88,13.58,8.86,19.27,TNO4437
2022-03-01 16:00:00,4.66,12.78,8.54,17.05,TNO4437
2022-03-01 17:00:00,4.63,12.75,8.56,17.08,TNO4437
2022-03-01 18:00:00,5.15,14.33,9.33,19.67,TNO4437
2022-03-01 19:00:00,5.79,15.15,9.89,20.1,TNO4437
2022-03-01 20:00:00,6.48,16.0,10.73,21.47,TNO4437
2022-03-01 21:00:00,6.47,16.17,11.23,20.82,TNO4437
2022-03-01 22:00:00,8.72,20.43,14.23,26.63,TNO4437
2022-03-01 23:00:00,10.08,23.22,16.57,30.27,TNO4437
2022-03-02 00:00:00,10.74,23.13,17.44,28.82,TNO4437
2022-03-02 01:00:00,10.76,22.47,17.52,27.63,TNO4437
2022-03-02 02:00:00,10.36,22.45,17.16,27.58,TNO4437
2022-03-02 03:00:00,9.32,20.7,15.65,25.63,TNO4437
2022-03-02 04:00:00,6.7,16.2,11.75,20.28,TNO4437
2022-03-02 05:00:00,4.62,13.08,9.38,17.0,TNO4437
2022-03-02 06:00:00,3.49,11.73,7.97,15.45,TNO4437
2022-03-02 07:00:00,2.58,10.08,6.23,13.92,TNO4437
2022-03-02 08:00:00,2.67,9.77,6.08,14.33,TNO4437
2022-03-02 09:00:00,2.86,10.7,6.47,15.42,TNO4437
2022-03-02 10:00:00,3.25,12.15,7.71,16.9,TNO4437
2022-03-02 11:00:00,3.21,12.42,7.83,17.25,TNO4437
2022-03-02 12:00:00,3.16,10.97,7.36,14.95,TNO4437
2022-03-02 13:00:00,1.81,5.4,3.79,7.25,TNO4437
2022-03-02 14:00:00,1.53,4.75,3.23,6.5,TNO4437
2022-03-02 15:00:00,1.98,6.0,4.04,8.25,TNO4437
2022-03-02 16:00:00,1.61,4.63,3.13,6.72,TNO4437
2022-03-02 17:00:00,1.9,4.88,3.59,6.6,TNO4437
2022-03-02 18:00:00,1.57,3.6,2.65,4.72,TNO4437
2022-03-02 19:00:00,1.74,3.98,2.88,5.52,TNO4437
2022-03-02 20:00:00,2.26,5.13,3.67,6.75,TNO4437
2022-03-02 21:00:00,3.29,7.73,5.92,10.18,TNO4437
2022-03-02 22:00:00,2.08,4.8,3.98,6.2,TNO4437
2022-03-02 23:00:00,0.7,1.63,1.29,2.25,TNO4437
2022-03-03 00:00:00,0.41,1.15,0.86,1.72,TNO4437
2022-03-03 01:00:00,1.5,4.2,3.29,5.6,TNO4437
2022-03-03 02:00:00,2.33,6.43,5.08,8.35,TNO4437
2022-03-03 03:00:00,3.73,12.03,8.99,16.15,TNO4437
2022-03-03 04:00:00,4.58,15.45,11.58,20.95,TNO4437
2022-03-03 05:00:00,5.51,18.75,14.09,25.47,TNO4437
2022-03-03 06:00:00,6.02,20.7,15.47,28.13,TNO4437
2022-03-03 07:00:00,6.16,21.35,15.74,29.25,TNO4437
2022-03-03 08:00:00,6.41,20.58,14.93,27.72,TNO4437
2022-03-03 09:00:00,6.97,19.63,13.78,25.4,TNO4437
2022-03-03 10:00:00,6.86,18.52,12.38,24.68,TNO4437
2022-03-03 11:00:00,5.7,16.78,10.59,22.9,TNO4437
2022-03-03 12:00:00,4.57,14.65,8.61,20.35,TNO4437
2022-03-03 13:00:00,4.25,13.7,7.94,21.03,TNO4437
2022-03-03 14:00:00,4.47,13.72,8.13,20.32,TNO4437
2022-03-03 15:00:00,5.47,14.78,8.99,21.52,TNO4437
2022-03-03 16:00:00,3.96,12.25,7.23,17.7,TNO4437
2022-03-03 17:00:00,4.33,13.55,7.84,19.68,TNO4437
2022-03-03 18:00:00,5.73,18.45,10.09,28.97,TNO4437
2022-03-03 19:00:00,6.86,19.4,11.32,28.22,TNO4437
2022-03-03 20:00:00,4.81,11.0,7.97,14.63,TNO4437
2022-03-03 21:00:00,3.88,10.13,6.13,12.75,TNO4437
2022-03-03 22:00:00,3.04,6.25,4.68,8.15,TNO4437
2022-03-03 23:00:00,2.41,4.82,3.71,6.2,TNO4437
2022-03-04 00:00:00,1.7,3.73,2.76,5.02,TNO4437
2022-03-04 01:00:00,1.3,3.25,2.25,4.3,TNO4437
2022-03-04 02:00:00,1.46,3.85,2.65,5.13,TNO4437
2022-03-04 03:00:00,1.57,4.35,3.05,5.77,TNO4437
2022-03-04 04:00:00,1.88,5.4,3.92,7.25,TNO4437
2022-03-04 05:00:00,2.27,7.15,4.99,9.45,TNO4437
2022-03-04 06:00:00,2.67,9.07,6.12,12.1,TNO4437
2022-03-04 07:00:00,2.85,9.97,6.52,14.08,TNO4437
2022-03-04 08:00:00,3.05,9.38,6.21,13.63,TNO4437
2022-03-04 09:00:00,3.15,10.85,6.38,15.57,TNO4437
2022-03-04 10:00:00,3.04,10.08,5.92,14.18,TNO4437
2022-03-04 11:00:00,2.88,10.4,5.72,15.67,TNO4437
2022-03-04 12:00:00,2.36,9.65,4.85,14.08,TNO4437
2022-03-04 13:00:00,2.24,8.68,4.47,13.02,TNO4437
2022-03-04 14:00:00,2.02,9.58,4.27,14.63,TNO4437
2022-03-04 15:00:00,1.57,7.18,3.29,11.23,TNO4437
2022-03-04 16:00:00,1.5,6.45,3.11,10.23,TNO4437
2022-03-04 17:00:00,1.18,4.88,2.4,7.6,TNO4437
2022-03-04 18:00:00,1.72,5.3,3.12,7.7,TNO4437
2022-03-04 19:00:00,2.38,7.85,4.35,12.2,TNO4437
2022-03-04 20:00:00,2.53,9.0,4.59,15.12,TNO4437
2022-03-04 21:00:00,2.79,8.65,4.76,13.55,TNO4437
2022-03-04 22:00:00,2.13,6.65,3.61,11.1,TNO4437
2022-03-04 23:00:00,2.54,7.85,4.34,12.8,TNO4437
2022-03-05 00:00:00,2.47,6.95,4.13,10.0,TNO4437
2022-03-05 01:00:00,2.39,6.62,4.1,9.6,TNO4437
2022-03-05 02:00:00,2.58,6.77,4.34,9.38,TNO4437
2022-03-05 03:00:00,2.97,7.52,5.08,10.35,TNO4437
2022-03-05 04:00:00,2.59,7.6,4.88,10.5,TNO4437
2022-03-05 05:00:00,2.59,7.73,5.19,10.55,TNO4437
2022-03-05 06:00:00,3.0,9.9,5.94,15.8,TNO4437
2022-03-05 07:00:00,2.63,8.07,5.22,11.2,TNO4437
2022-03-05 08:00:00,2.76,7.58,4.96,10.33,TNO4437
2022-03-05 09:00:00,3.03,9.05,5.42,12.55,TNO4437
2022-03-05 10:00:00,2.76,8.83,5.17,13.3,TNO4437
2022-03-05 11:00:00,2.66,8.88,5.06,12.9,TNO4437
2022-03-05 12:00:00,2.69,8.63,5.08,12.17,TNO4437
2022-03-05 13:00:00,2.17,7.48,4.14,10.65,TNO4437
2022-03-05 14:00:00,2.42,7.92,4.62,10.9,TNO4437
2022-03-05 15:00:00,2.52,11.73,5.46,17.88,TNO4437
2022-03-05 16:00:00,2.37,12.6,5.36,20.22,TNO4437
2022-03-05 17:00:00,4.4,38.53,12.54,67.78,TNO4437
2022-03-05 18:00:00,2.68,8.78,5.09,12.17,TNO4437
2022-03-05 19:00:00,3.78,13.42,6.97,20.3,TNO4437
2022-03-05 20:00:00,4.79,15.15,8.41,23.22,TNO4437
2022-03-05 21:00:00,3.95,11.25,6.74,16.22,TNO4437
2022-03-05 22:00:00,4.72,12.73,7.86,18.4,TNO4437
2022-03-05 23:00:00,4.65,12.35,7.63,17.5,TNO4437
2022-03-06 00:00:00,5.04,13.33,8.13,19.5,TNO4437
2022-03-06 01:00:00,4.71,11.95,7.52,16.95,TNO4437
2022-03-06 02:00:00,4.9,11.82,7.71,17.05,TNO4437
2022-03-06 03:00:00,5.53,12.43,8.59,17.2,TNO4437
2022-03-06 04:00:00,4.23,10.1,6.6,13.65,TNO4437
2022-03-06 05:00:00,4.04,9.55,6.31,12.95,TNO4437
2022-03-06 06:00:00,3.84,8.78,5.88,11.6,TNO4437
2022-03-06 07:00:00,3.99,10.0,6.4,13.75,TNO4437
2022-03-06 08:00:00,4.14,10.2,6.62,14.37,TNO4437
2022-03-06 09:00:00,3.69,10.15,6.46,14.07,TNO4437
2022-03-06 10:00:00,3.39,9.43,6.27,12.42,TNO4437
2022-03-06 11:00:00,3.54,10.02,6.67,13.17,TNO4437
2022-03-06 12:00:00,3.24,9.35,6.1,12.25,TNO4437
2022-03-06 13:00:00,3.68,9.5,6.59,12.07,TNO4437
2022-03-06 14:00:00,3.74,9.3,6.52,11.8,TNO4437
2022-03-06 15:00:00,3.33,8.87,6.0,11.42,TNO4437
2022-03-06 16:00:00,3.34,9.1,6.06,11.85,TNO4437
2022-03-06 17:00:00,3.77,10.55,6.71,14.18,TNO4437
2022-03-06 18:00:00,5.46,13.48,8.97,17.45,TNO4437
2022-03-06 19:00:00,6.07,15.98,9.96,22.92,TNO4437
2022-03-06 20:00:00,7.99,22.53,13.27,32.75,TNO4437
2022-03-06 21:00:00,9.88,27.0,16.17,40.1,TNO4437
2022-03-06 22:00:00,8.57,23.32,14.07,34.45,TNO4437
2022-03-06 23:00:00,8.12,22.97,13.61,33.2,TNO4437
2022-03-07 00:00:00,7.67,21.7,12.98,30.7,TNO4437
2022-03-07 01:00:00,6.68,18.18,11.15,24.92,TNO4437
2022-03-07 02:00:00,5.64,14.78,9.35,19.77,TNO4437
2022-03-07 03:00:00,3.58,9.3,6.1,12.38,TNO4437
2022-03-07 04:00:00,3.26,8.47,5.55,10.85,TNO4437
2022-03-07 05:00:00,3.18,8.73,5.52,11.23,TNO4437
2022-03-07 06:00:00,3.01,8.5,5.31,11.08,TNO4437
2022-03-07 07:00:00,3.1,10.95,5.73,15.82,TNO4437
2022-03-07 08:00:00,3.53,13.95,6.76,21.63,TNO4437
2022-03-07 09:00:00,3.6,13.35,6.61,19.78,TNO4437
2022-03-07 10:00:00,3.38,12.5,6.14,19.07,TNO4437
2022-03-07 11:00:00,3.46,12.8,6.32,19.88,TNO4437
2022-03-07 12:00:00,3.76,14.35,6.88,22.72,TNO4437
2022-03-07 13:00:00,3.77,12.7,6.66,19.2,TNO4437
2022-03-07 14:00:00,3.65,13.38,6.61,21.1,TNO4437
2022-03-07 15:00:00,3.67,12.17,6.57,18.05,TNO4437
2022-03-07 16:00:00,4.6,13.77,7.8,20.28,TNO4437
2022-03-07 17:00:00,4.46,11.38,7.32,15.27,TNO4437
2022-03-07 18:00:00,4.46,11.0,7.33,14.75,TNO4437
2022-03-07 19:00:00,4.75,10.97,7.55,14.07,TNO4437
2022-03-07 20:00:00,4.75,11.05,7.66,14.35,TNO4437
2022-03-07 21:00:00,4.89,12.38,8.22,16.72,TNO4437
2022-03-07 22:00:00,4.87,13.33,8.39,17.95,TNO4437
2022-03-07 23:00:00,4.49,12.75,7.93,17.52,TNO4437
2022-03-08 00:00:00,4.51,15.3,8.35,22.82,TNO4437
2022-03-08 01:00:00,4.25,12.72,7.79,17.9,TNO4437
2022-03-08 02:00:00,4.08,12.02,7.52,15.92,TNO4437
2022-03-08 03:00:00,4.58,12.83,8.48,16.95,TNO4437
2022-03-08 04:00:00,4.93,12.9,8.59,17.07,TNO4437
2022-03-08 05:00:00,5.48,14.25,9.5,19.07,TNO4437
2022-03-08 06:00:00,6.13,16.1,10.72,22.2,TNO4437
2022-03-08 07:00:00,7.11,21.03,13.21,29.67,TNO4437
2022-03-08 08:00:00,8.3,24.88,15.33,35.32,TNO4437
2022-03-08 09:00:00,9.52,24.47,17.28,32.8,TNO4437
2022-03-08 10:00:00,10.61,26.38,18.59,34.98,TNO4437
2022-03-08 11:00:00,9.84,21.92,16.99,27.93,TNO4437
2022-03-08 12:00:00,8.43,18.12,14.76,23.0,TNO4437
2022-03-08 13:00:00,5.21,10.78,8.76,13.68,TNO4437
2022-03-08 14:00:00,2.97,7.2,4.88,10.13,TNO4437
2022-03-08 15:00:00,6.33,15.0,10.82,19.55,TNO4437
2022-03-08 16:00:00,3.42,7.78,6.24,10.0,TNO4437
2022-03-08 17:00:00,3.75,8.0,6.5,10.35,TNO4437
2022-03-08 18:00:00,6.21,14.0,11.29,17.55,TNO4437
2022-03-08 19:00:00,7.06,16.9,13.34,21.25,TNO4437
2022-03-08 20:00:00,6.97,17.88,13.13,23.7,TNO4437
2022-03-08 21:00:00,7.54,21.07,15.36,28.32,TNO4437
2022-03-08 22:00:00,7.12,20.72,15.57,27.4,TNO4437
2022-03-08 23:00:00,6.96,18.58,15.15,23.82,TNO4437
2022-03-09 00:00:00,6.72,17.03,14.18,21.38,TNO4437
2022-03-09 01:00:00,6.24,15.15,12.83,19.0,TNO4437
2022-03-09 02:00:00,6.49,16.27,13.51,20.55,TNO4437
2022-03-09 03:00:00,6.25,15.0,12.66,18.72,TNO4437
2022-03-09 04:00:00,6.91,16.85,14.17,21.28,TNO4437
2022-03-09 05:00:00,7.75,19.02,16.12,23.97,TNO4437
2022-03-09 06:00:00,7.29,18.1,15.56,23.23,TNO4437
2022-03-09 07:00:00,7.55,20.03,16.02,26.28,TNO4437
2022-03-09 08:00:00,6.82,18.42,14.69,25.08,TNO4437
2022-03-09 09:00:00,5.21,14.38,10.89,19.72,TNO4437
2022-03-09 10:00:00,3.42,9.03,7.05,12.3,TNO4437
2022-03-09 11:00:00,2.45,7.05,5.24,10.13,TNO4437
2022-03-09 12:00:00,1.28,4.73,2.8,7.15,TNO4437
2022-03-09 13:00:00,0.43,1.78,0.94,2.98,TNO4437
2022-03-09 14:00:00,0.49,1.5,0.93,2.4,TNO4437
2022-03-09 15:00:00,0.43,1.58,0.91,2.55,TNO4437
2022-03-09 16:00:00,0.6,1.82,1.13,3.05,TNO4437
2022-03-09 17:00:00,0.65,2.1,1.17,3.63,TNO4437
2022-03-09 18:00:00,1.27,2.95,2.0,4.97,TNO4437
2022-03-09 19:00:00,1.17,2.88,1.99,4.3,TNO4437
2022-03-09 20:00:00,0.79,2.15,1.35,3.23,TNO4437
2022-03-09 21:00:00,1.12,3.2,1.94,4.53,TNO4437
2022-03-09 22:00:00,1.3,3.55,2.26,4.88,TNO4437
2022-03-09 23:00:00,0.97,2.48,1.67,3.35,TNO4437
2022-03-10 00:00:00,0.9,2.5,1.68,3.25,TNO4437
2022-03-10 01:00:00,0.54,1.25,0.9,1.65,TNO4437
2022-03-10 02:00:00,0.51,1.2,0.83,1.6,TNO4437
2022-03-10 03:00:00,0.44,1.28,0.75,1.82,TNO4437
2022-03-10 04:00:00,0.34,0.75,0.55,1.12,TNO4437
2022-03-10 05:00:00,0.54,1.1,0.82,1.55,TNO4437
2022-03-10 06:00:00,0.79,1.58,1.18,2.05,TNO4437
2022-03-10 07:00:00,0.66,1.3,1.03,1.62,TNO4437
2022-03-10 08:00:00,0.97,2.1,1.55,2.78,TNO4437
2022-03-10 09:00:00,1.11,3.27,2.04,4.53,TNO4437
2022-03-10 10:00:00,2.32,6.27,4.26,8.27,TNO4437
2022-03-10 11:00:00,2.46,7.58,4.8,10.28,TNO4437
2022-03-10 12:00:00,2.43,7.85,4.78,10.9,TNO4437
2022-03-10 13:00:00,2.31,8.57,4.6,12.9,TNO4437
2022-03-10 14:00:00,2.47,8.88,4.83,12.83,TNO4437
2022-03-10 15:00:00,2.82,9.25,5.47,12.85,TNO4437
2022-03-10 16:00:00,3.61,11.88,7.13,16.78,TNO4437
2022-03-10 17:00:00,3.89,11.6,7.58,15.9,TNO4437
2022-03-10 18:00:00,4.53,13.52,9.27,18.4,TNO4437
2022-03-10 19:00:00,4.68,12.85,9.25,16.67,TNO4437
2022-03-10 20:00:00,4.17,11.8,8.3,15.72,TNO4437
2022-03-10 21:00:00,5.15,14.3,9.95,18.15,TNO4437
2022-03-10 22:00:00,5.98,16.75,11.99,21.83,TNO4437
2022-03-10 23:00:00,6.39,19.78,15.01,26.73,TNO4437
2022-03-11 00:00:00,7.08,20.8,15.63,27.25,TNO4437
2022-03-11 01:00:00,8.46,24.27,17.33,31.52,TNO4437
2022-03-11 02:00:00,8.53,21.28,15.56,26.72,TNO4437
2022-03-11 03:00:00,8.27,20.85,15.1,26.35,TNO4437
2022-03-11 04:00:00,6.78,16.55,12.42,21.03,TNO4437
2022-03-11 05:00:00,6.61,16.07,12.11,20.3,TNO4437
2022-03-11 06:00:00,7.52,17.6,13.14,21.98,TNO4437
2022-03-11 07:00:00,7.0,16.67,12.45,20.97,TNO4437
2022-03-11 08:00:00,6.55,17.0,12.8,22.05,TNO4437
2022-03-11 09:00:00,6.35,17.08,12.95,22.35,TNO4437
2022-03-11 10:00:00,5.96,21.65,14.58,29.32,TNO4437
2022-03-11 11:00:00,4.62,17.05,11.13,23.18,TNO4437
2022-03-11 12:00:00,4.22,15.15,9.77,20.6,TNO4437
2022-03-11 13:00:00,1.94,6.5,4.1,9.52,TNO4437
2022-03-11 14:00:00,0.9,2.02,1.57,2.83,TNO4437
2022-03-11 15:00:00,2.06,4.48,3.44,5.82,TNO4437
2022-03-11 16:00:00,1.27,3.1,2.28,4.27,TNO4437
2022-03-11 17:00:00,1.86,4.28,3.29,5.85,TNO4437
2022-03-11 18:00:00,2.03,4.9,3.47,7.1,TNO4437
2022-03-11 19:00:00,4.22,11.4,6.86,18.27,TNO4437
2022-03-11 20:00:00,1.69,4.4,2.89,6.42,TNO4437
2022-03-11 21:00:00,2.1,5.3,3.43,7.47,TNO4437
2022-03-11 22:00:00,1.65,3.8,2.59,5.5,TNO4437
2022-03-26 22:00:00,15.66,42.68,25.59,63.33,TNO4437
2022-03-26 23:00:00,14.47,41.32,24.4,61.65,TNO4437
2022-03-27 00:00:00,10.32,32.0,18.07,49.47,TNO4437
2022-03-27 02:00:00,11.14,32.22,18.96,48.6,TNO4437
2022-03-27 03:00:00,10.49,29.7,17.7,43.23,TNO4437
2022-03-27 04:00:00,8.81,25.33,15.0,37.52,TNO4437
2022-03-27 05:00:00,8.36,22.32,13.87,31.9,TNO4437
2022-03-27 06:00:00,6.52,18.67,11.39,25.72,TNO4437
2022-03-27 07:00:00,5.31,17.43,9.8,25.1,TNO4437
2022-03-27 08:00:00,5.78,23.35,11.69,36.43,TNO4437
2022-03-27 09:00:00,5.11,17.45,9.75,25.4,TNO4437
2022-03-27 10:00:00,4.34,13.58,7.93,19.53,TNO4437
2022-03-27 11:00:00,4.35,12.15,7.73,17.42,TNO4437
2022-03-27 12:00:00,3.89,11.33,7.05,15.18,TNO4437
2022-03-27 13:00:00,4.45,12.28,7.79,16.58,TNO4437
2022-03-27 14:00:00,4.05,12.03,7.39,16.42,TNO4437
2022-03-27 15:00:00,4.41,14.85,8.04,20.15,TNO4437
2022-03-27 16:00:00,3.45,11.6,6.42,17.22,TNO4437
2022-03-27 17:00:00,3.82,12.17,7.11,17.25,TNO4437
2022-03-27 18:00:00,7.11,16.13,10.93,21.13,TNO4437
2022-03-27 19:00:00,4.01,12.4,7.25,17.65,TNO4437
2022-03-27 20:00:00,4.31,12.9,7.66,18.57,TNO4437
2022-03-27 21:00:00,4.29,13.2,7.6,19.93,TNO4437
2022-03-27 22:00:00,4.38,13.18,7.7,19.47,TNO4437
2022-03-27 23:00:00,4.14,11.6,7.09,16.65,TNO4437
2022-03-28 00:00:00,4.21,11.17,7.11,15.48,TNO4437
2022-03-28 01:00:00,4.97,12.83,8.19,17.95,TNO4437
2022-03-28 02:00:00,4.82,12.1,7.86,16.88,TNO4437
2022-03-28 03:00:00,4.97,12.07,8.0,16.73,TNO4437
2022-03-28 04:00:00,4.16,8.95,6.41,11.53,TNO4437
2022-03-28 05:00:00,3.46,7.08,5.14,9.1,TNO4437
2022-03-28 06:00:00,4.74,10.78,7.29,14.3,TNO4437
2022-03-28 07:00:00,3.7,11.42,6.59,16.9,TNO4437
2022-03-28 08:00:00,4.34,19.75,8.86,32.13,TNO4437
2022-03-28 09:00:00,2.82,12.77,5.96,22.1,TNO4437
2022-03-28 10:00:00,3.22,10.35,5.89,15.4,TNO4437
2022-03-28 11:00:00,4.36,24.65,10.1,42.48,TNO4437
2022-03-28 12:00:00,2.64,13.17,5.7,21.35,TNO4437
2022-03-28 13:00:00,2.42,12.78,5.47,21.43,TNO4437
2022-03-28 14:00:00,2.31,11.75,5.1,21.18,TNO4437
2022-03-28 15:00:00,1.91,9.8,4.21,16.92,TNO4437
2022-03-28 16:00:00,1.67,6.7,3.37,10.48,TNO4437
2022-03-28 17:00:00,1.46,4.52,2.72,6.73,TNO4437
2022-03-28 18:00:00,2.09,6.9,3.79,12.03,TNO4437
2022-03-28 19:00:00,2.85,8.55,4.96,13.27,TNO4437
2022-03-28 20:00:00,3.66,9.58,5.93,14.1,TNO4437
2022-03-28 21:00:00,3.94,9.83,6.27,13.9,TNO4437
2022-03-28 22:00:00,4.09,10.0,6.46,14.47,TNO4437
2022-03-28 23:00:00,4.73,11.95,7.42,18.3,TNO4437
2022-03-29 00:00:00,5.37,9.98,7.5,13.45,TNO4437
2022-03-29 01:00:00,6.63,9.67,8.27,13.35,TNO4437
2022-03-29 02:00:00,3.25,5.3,4.31,7.25,TNO4437
2022-03-29 03:00:00,2.8,5.1,3.95,6.38,TNO4437
2022-03-29 04:00:00,2.47,4.17,3.36,5.2,TNO4437
2022-03-29 05:00:00,2.4,4.5,3.31,5.75,TNO4437
2022-03-29 06:00:00,3.79,6.3,5.27,8.08,TNO4437
2022-03-29 07:00:00,3.13,6.88,4.7,9.72,TNO4437
2022-03-29 08:00:00,6.21,20.8,10.75,32.33,TNO4437
2022-03-29 09:00:00,5.09,17.88,9.51,27.57,TNO4437
2022-03-29 10:00:00,2.87,10.85,5.33,18.15,TNO4437
2022-03-29 11:00:00,2.66,7.9,4.54,11.88,TNO4437
2022-03-29 12:00:00,3.03,10.0,5.33,17.03,TNO4437
2022-03-29 13:00:00,3.16,10.27,5.65,15.57,TNO4437
2022-03-29 14:00:00,4.06,11.45,6.83,17.82,TNO4437
2022-03-29 15:00:00,3.49,11.32,6.19,17.82,TNO4437
2022-03-29 16:00:00,3.42,10.9,6.06,17.17,TNO4437
2022-03-29 17:00:00,2.6,8.9,4.8,13.6,TNO4437
2022-03-29 18:00:00,2.79,8.85,4.96,13.13,TNO4437
2022-03-29 19:00:00,3.45,10.33,5.81,16.6,TNO4437
2022-03-29 20:00:00,3.25,9.63,5.38,14.33,TNO4437
2022-03-29 21:00:00,4.28,11.3,6.74,17.55,TNO4437
2022-03-29 22:00:00,6.0,15.27,9.17,24.0,TNO4437
2022-03-29 23:00:00,5.5,14.32,8.68,21.5,TNO4437
2022-03-30 00:00:00,5.33,13.1,8.31,19.18,TNO4437
2022-03-30 01:00:00,5.64,12.47,8.46,17.25,TNO4437
2022-03-30 02:00:00,6.0,14.5,9.24,21.67,TNO4437
2022-03-30 03:00:00,7.82,17.58,11.77,25.08,TNO4437
2022-03-30 04:00:00,7.05,15.53,10.63,21.67,TNO4437
2022-03-30 05:00:00,8.49,17.25,12.34,23.95,TNO4437
2022-03-30 06:00:00,7.63,15.6,11.13,21.05,TNO4437
2022-03-30 07:00:00,7.33,19.28,11.51,28.85,TNO4437
2022-03-30 08:00:00,5.51,17.03,10.1,24.15,TNO4437
2022-03-30 09:00:00,4.82,15.05,9.19,21.2,TNO4437
2022-03-30 10:00:00,4.18,12.68,7.63,18.37,TNO4437
2022-03-30 11:00:00,3.85,12.63,7.02,19.93,TNO4437
2022-03-30 12:00:00,2.7,10.4,5.15,16.4,TNO4437
2022-03-30 13:00:00,3.15,11.28,6.0,17.18,TNO4437
2022-03-30 14:00:00,2.74,9.92,5.36,14.88,TNO4437
2022-03-30 15:00:00,2.4,9.1,4.75,14.47,TNO4437
2022-03-30 16:00:00,2.35,8.7,4.65,13.25,TNO4437
2022-03-30 17:00:00,1.88,6.95,3.79,10.65,TNO4437
2022-03-30 18:00:00,1.72,6.78,3.59,11.1,TNO4437
2022-03-30 19:00:00,1.72,6.68,3.81,10.3,TNO4437
2022-03-30 20:00:00,1.59,5.5,3.52,8.42,TNO4437
2022-03-30 21:00:00,2.47,7.55,5.13,10.22,TNO4437
2022-03-30 22:00:00,2.05,6.55,4.52,9.03,TNO4437
2022-03-30 23:00:00,1.65,5.3,3.34,7.23,TNO4437
2022-03-31 00:00:00,1.62,5.67,3.48,7.83,TNO4437
2022-03-31 01:00:00,1.44,5.38,3.18,7.35,TNO4437
2022-03-31 02:00:00,1.45,5.07,3.17,6.85,TNO4437
2022-03-31 03:00:00,1.44,5.38,3.27,7.32,TNO4437
2022-03-31 04:00:00,1.68,6.1,3.68,8.12,TNO4437
2022-03-31 05:00:00,1.91,6.63,4.13,8.7,TNO4437
2022-03-31 06:00:00,2.34,8.8,5.04,13.28,TNO4437
2022-03-31 07:00:00,2.13,8.48,4.57,13.7,TNO4437
2022-03-31 08:00:00,2.23,9.93,4.87,16.53,TNO4437
2022-03-31 09:00:00,2.33,9.95,4.99,15.33,TNO4437
2022-03-31 10:00:00,2.1,9.35,4.47,15.6,TNO4437
2022-03-31 11:00:00,1.92,9.53,4.06,17.35,TNO4437
2022-03-31 12:00:00,1.81,8.33,3.78,13.13,TNO4437
2022-03-31 13:00:00,1.72,7.75,3.51,12.35,TNO4437
2022-03-31 14:00:00,1.7,7.63,3.46,13.47,TNO4437
2022-03-31 15:00:00,1.62,7.2,3.28,11.83,TNO4437
2022-03-31 16:00:00,1.39,6.0,2.85,9.8,TNO4437
2022-03-31 17:00:00,1.39,6.13,2.83,9.33,TNO4437
2022-03-31 18:00:00,1.34,5.73,2.69,8.88,TNO4437
2022-03-31 19:00:00,1.3,5.8,2.6,10.0,TNO4437
2022-03-31 20:00:00,1.48,6.15,2.84,10.63,TNO4437
2022-03-31 21:00:00,1.73,6.27,3.28,9.72,TNO4437
2022-03-31 22:00:00,1.77,6.9,3.48,10.53,TNO4437
2022-03-31 23:00:00,1.99,6.67,3.85,10.02,TNO4437
2022-04-01 00:00:00,2.2,7.3,4.17,11.2,TNO4437
2022-04-01 01:00:00,2.32,7.2,4.5,10.3,TNO4437
2022-04-01 02:00:00,2.25,7.17,4.61,10.03,TNO4437
2022-04-01 03:00:00,2.19,6.33,4.35,9.0,TNO4437
2022-04-01 04:00:00,2.09,6.0,4.12,8.07,TNO4437
2022-04-01 05:00:00,1.97,6.13,4.05,8.23,TNO4437
2022-04-01 06:00:00,1.92,6.42,4.08,9.25,TNO4437
2022-04-01 07:00:00,1.98,7.07,4.31,10.2,TNO4437
2022-04-01 08:00:00,2.35,9.92,5.06,15.53,TNO4437
2022-04-01 09:00:00,2.21,11.2,4.9,18.52,TNO4437
2022-04-01 10:00:00,1.86,7.55,3.85,11.65,TNO4437
2022-04-01 11:00:00,1.52,6.35,3.13,9.95,TNO4437
2022-04-01 12:00:00,1.43,6.25,2.94,10.15,TNO4437
2022-04-01 13:00:00,1.36,6.25,2.82,10.47,TNO4437
2022-04-01 14:00:00,1.41,7.08,3.03,12.53,TNO4437
2022-04-01 15:00:00,1.38,7.1,3.02,11.42,TNO4437
2022-04-01 16:00:00,1.25,5.95,2.7,9.67,TNO4437
2022-04-01 17:00:00,1.05,3.88,2.19,6.0,TNO4437
2022-04-01 18:00:00,0.95,3.25,2.12,4.6,TNO4437
2022-04-01 19:00:00,0.94,2.88,1.81,4.52,TNO4437
2022-04-01 20:00:00,0.72,2.03,1.39,2.95,TNO4437
2022-04-01 21:00:00,0.62,1.88,1.24,2.7,TNO4437
2022-04-01 22:00:00,0.61,1.72,1.25,2.52,TNO4437
2022-04-01 23:00:00,0.56,1.55,1.09,2.45,TNO4437
2022-04-02 00:00:00,0.62,1.6,1.14,2.3,TNO4437
2022-04-02 01:00:00,0.66,1.82,1.24,2.65,TNO4437
2022-04-02 02:00:00,0.63,1.82,1.24,2.67,TNO4437
2022-04-02 03:00:00,0.65,1.72,1.27,2.47,TNO4437
2022-04-02 04:00:00,0.55,1.55,1.12,2.25,TNO4437
2022-04-02 05:00:00,0.53,1.68,1.18,2.52,TNO4437
2022-04-02 06:00:00,0.89,2.38,1.81,3.2,TNO4437
2022-04-02 07:00:00,1.63,3.97,2.96,5.13,TNO4437
2022-04-02 08:00:00,1.68,4.55,3.35,6.27,TNO4437
2022-04-02 09:00:00,1.07,3.15,2.19,4.32,TNO4437
2022-04-02 10:00:00,0.87,2.97,1.82,4.47,TNO4437
2022-04-02 11:00:00,1.19,4.03,2.37,6.1,TNO4437
2022-04-02 12:00:00,1.2,4.3,2.47,6.35,TNO4437
2022-04-02 13:00:00,1.19,4.15,2.4,5.82,TNO4437
2022-04-02 14:00:00,1.14,3.75,2.25,5.35,TNO4437
2022-04-02 15:00:00,1.19,3.93,2.38,5.47,TNO4437
2022-04-02 16:00:00,0.71,2.53,1.49,3.92,TNO4437
2022-04-02 17:00:00,0.72,2.6,1.47,3.73,TNO4437
2022-04-02 18:00:00,0.78,3.05,1.64,4.6,TNO4437
2022-04-02 19:00:00,0.89,3.5,1.82,4.9,TNO4437
2022-04-02 20:00:00,4.67,8.13,5.94,10.1,TNO4437
2022-04-02 21:00:00,2.62,8.08,4.53,12.15,TNO4437
2022-04-02 22:00:00,3.25,9.33,5.44,13.77,TNO4437
2022-04-02 23:00:00,2.94,10.0,5.29,14.95,TNO4437
2022-04-03 00:00:00,3.4,11.25,6.1,16.52,TNO4437
2022-04-03 01:00:00,3.18,9.1,5.48,13.3,TNO4437
2022-04-03 02:00:00,2.99,7.73,4.9,11.05,TNO4437
2022-04-03 03:00:00,2.34,5.9,3.94,7.9,TNO4437
2022-04-03 04:00:00,2.1,5.45,3.48,7.83,TNO4437
2022-04-03 05:00:00,2.31,5.7,3.82,7.8,TNO4437
2022-04-03 06:00:00,1.77,4.38,2.93,6.23,TNO4437
2022-04-03 07:00:00,1.92,6.05,3.36,9.2,TNO4437
2022-04-03 08:00:00,1.69,5.25,3.04,7.28,TNO4437
2022-04-03 09:00:00,1.45,5.38,2.83,7.3,TNO4437
2022-04-03 10:00:00,1.4,5.18,2.83,6.95,TNO4437
2022-04-03 11:00:00,1.23,4.2,2.38,6.38,TNO4437
2022-04-03 12:00:00,1.18,3.5,2.18,5.0,TNO4437
2022-04-03 13:00:00,1.07,3.2,1.96,4.52,TNO4437
2022-04-03 14:00:00,1.04,3.5,2.02,5.43,TNO4437
2022-04-03 15:00:00,1.25,4.43,2.56,6.25,TNO4437
2022-04-03 16:00:00,1.23,4.5,2.51,6.63,TNO4437
2022-04-03 17:00:00,1.18,4.58,2.44,6.6,TNO4437
2022-04-03 18:00:00,1.11,4.25,2.36,7.0,TNO4437
2022-04-03 19:00:00,1.23,4.43,2.47,6.7,TNO4437
2022-04-03 20:00:00,1.35,4.1,2.5,6.05,TNO4437
2022-04-03 21:00:00,1.19,3.68,2.38,5.05,TNO4437
2022-04-03 22:00:00,1.06,3.15,2.17,4.4,TNO4437
2022-04-03 23:00:00,0.93,2.6,1.88,3.5,TNO4437
2022-04-04 00:00:00,0.6,1.45,1.14,2.07,TNO4437
2022-04-04 01:00:00,0.48,1.0,0.84,1.32,TNO4437
2022-04-04 02:00:00,0.44,1.08,0.83,1.47,TNO4437
2022-04-04 03:00:00,0.39,1.05,0.8,1.63,TNO4437
2022-04-04 04:00:00,0.39,1.18,0.84,1.65,TNO4437
2022-04-04 05:00:00,0.46,1.22,0.97,1.6,TNO4437
2022-04-04 06:00:00,0.43,1.13,0.87,1.53,TNO4437
2022-04-04 07:00:00,1.04,2.38,1.87,3.2,TNO4437
2022-04-04 08:00:00,0.84,2.1,1.56,2.85,TNO4437
2022-04-04 09:00:00,0.73,2.17,1.42,3.05,TNO4437
2022-04-04 10:00:00,0.62,3.72,1.54,6.2,TNO4437
2022-04-04 11:00:00,0.3,1.55,0.73,2.43,TNO4437
2022-04-04 12:00:00,0.46,2.25,1.08,3.55,TNO4437
2022-04-04 13:00:00,0.74,2.7,1.51,4.05,TNO4437
2022-04-04 14:00:00,0.64,2.5,1.28,3.77,TNO4437
2022-04-04 15:00:00,0.83,2.85,1.53,4.68,TNO4437
2022-04-04 16:00:00,0.86,2.63,1.59,3.73,TNO4437
2022-04-04 17:00:00,1.41,3.75,2.53,5.25,TNO4437
2022-04-04 18:00:00,1.34,3.48,2.42,4.8,TNO4437
2022-04-04 19:00:00,1.74,4.25,3.14,5.67,TNO4437
2022-04-04 20:00:00,2.53,6.4,4.86,8.58,TNO4437
2022-04-04 21:00:00,3.99,10.2,7.91,13.33,TNO4437
2022-04-04 22:00:00,4.18,10.5,8.43,13.68,TNO4437
2022-04-04 23:00:00,7.17,17.43,14.47,22.3,TNO4437
2022-04-05 00:00:00,8.49,21.25,17.52,27.75,TNO4437
2022-04-05 01:00:00,9.15,22.63,18.78,29.1,TNO4437
2022-04-05 02:00:00,9.17,22.45,18.47,28.82,TNO4437
2022-04-05 03:00:00,8.07,19.28,16.18,24.65,TNO4437
2022-04-05 04:00:00,6.66,17.0,13.85,22.03,TNO4437
2022-04-05 05:00:00,6.6,17.48,14.23,23.0,TNO4437
2022-04-05 06:00:00,5.87,15.22,12.19,19.85,TNO4437
2022-04-05 07:00:00,4.82,13.5,9.81,18.33,TNO4437
2022-04-05 08:00:00,3.68,10.05,7.39,13.5,TNO4437
2022-04-05 09:00:00,2.55,7.23,5.03,10.05,TNO4437
2022-04-05 10:00:00,2.92,7.75,5.36,10.47,TNO4437
2022-04-05 11:00:00,2.73,7.68,5.11,10.82,TNO4437
2022-04-05 12:00:00,2.73,8.22,5.03,12.22,TNO4437
2022-04-05 13:00:00,2.27,6.95,4.33,9.7,TNO4437
2022-04-05 14:00:00,1.85,6.37,3.65,9.53,TNO4437
2022-04-05 15:00:00,1.93,6.2,3.62,9.3,TNO4437
2022-04-05 16:00:00,2.79,8.75,5.17,12.83,TNO4437
2022-04-05 17:00:00,2.38,6.85,4.47,9.63,TNO4437
2022-04-05 18:00:00,1.79,5.67,3.51,8.05,TNO4437
2022-04-05 19:00:00,1.51,4.08,2.94,5.57,TNO4437
2022-04-05 20:00:00,1.41,3.38,2.64,4.6,TNO4437
2022-04-05 21:00:00,1.37,3.3,2.55,4.38,TNO4437
2022-04-05 22:00:00,2.01,4.5,3.76,5.65,TNO4437
2022-04-05 23:00:00,2.86,6.05,5.31,7.62,TNO4437
2022-04-06 00:00:00,3.97,8.1,7.15,9.98,TNO4437
2022-04-06 01:00:00,3.27,7.1,6.22,8.75,TNO4437
2022-04-06 02:00:00,2.67,6.63,5.7,8.58,TNO4437
2022-04-06 03:00:00,3.55,8.55,7.35,11.15,TNO4437
2022-04-06 04:00:00,4.03,10.17,8.75,13.13,TNO4437
2022-04-06 05:00:00,4.0,10.53,8.88,13.75,TNO4437
2022-04-06 06:00:00,1.29,3.93,3.13,5.27,TNO4437
2022-04-06 07:00:00,0.77,2.63,1.81,3.87,TNO4437
2022-04-06 08:00:00,0.99,2.93,2.13,4.25,TNO4437
2022-04-06 09:00:00,1.36,4.1,3.01,5.65,TNO4437
2022-04-06 10:00:00,2.03,4.75,3.75,6.32,TNO4437
2022-04-06 11:00:00,1.67,4.12,3.01,5.7,TNO4437
2022-04-06 12:00:00,1.49,4.42,3.19,6.25,TNO4437
2022-04-06 13:00:00,1.58,3.75,2.95,4.9,TNO4437
2022-04-06 14:00:00,1.93,4.87,3.49,6.85,TNO4437
2022-04-06 15:00:00,2.32,5.35,4.19,7.3,TNO4437
2022-04-06 16:00:00,2.72,6.6,5.13,8.85,TNO4437
2022-04-06 17:00:00,2.21,5.95,4.8,8.13,TNO4437
2022-04-06 18:00:00,1.92,4.75,4.0,6.35,TNO4437
2022-04-06 19:00:00,2.86,7.13,5.92,9.35,TNO4437
2022-04-06 20:00:00,5.49,12.7,10.75,16.13,TNO4437
2022-04-06 21:00:00,5.37,11.55,10.13,14.5,TNO4437
2022-04-06 22:00:00,4.83,10.03,8.95,12.22,TNO4437
2022-04-06 23:00:00,5.46,11.28,10.23,13.97,TNO4437
2022-04-07 00:00:00,5.44,10.82,9.84,13.25,TNO4437
2022-04-07 01:00:00,5.35,10.9,9.77,13.53,TNO4437
2022-04-07 02:00:00,5.15,10.53,9.58,13.05,TNO4437
2022-04-07 03:00:00,3.84,8.4,7.49,10.58,TNO4437
2022-04-07 04:00:00,4.14,9.15,8.29,11.57,TNO4437
2022-04-07 05:00:00,4.78,11.05,9.74,14.0,TNO4437
2022-04-07 06:00:00,5.33,11.72,10.34,14.58,TNO4437
2022-04-07 07:00:00,4.77,10.87,9.54,13.53,TNO4437
2022-04-07 08:00:00,4.48,10.28,8.62,13.15,TNO4437
2022-04-07 09:00:00,3.62,8.6,6.73,11.18,TNO4437
2022-04-07 10:00:00,2.6,6.43,4.75,8.73,TNO4437
2022-04-07 11:00:00,2.4,7.4,4.47,10.8,TNO4437
2022-04-07 12:00:00,3.2,11.88,5.88,16.62,TNO4437
2022-04-07 13:00:00,3.92,12.9,7.0,19.35,TNO4437
2022-04-07 14:00:00,4.08,13.67,7.33,19.65,TNO4437
2022-04-07 15:00:00,3.53,12.2,6.66,18.4,TNO4437
2022-04-07 16:00:00,3.75,10.38,6.42,13.95,TNO4437
2022-04-07 17:00:00,4.25,10.48,7.71,14.1,TNO4437
2022-04-07 18:00:00,3.61,9.4,6.75,12.65,TNO4437
2022-04-07 19:00:00,3.18,9.3,6.24,12.75,TNO4437
2022-04-07 20:00:00,3.4,9.68,6.64,12.75,TNO4437
2022-04-07 21:00:00,3.09,8.38,5.59,11.9,TNO4437
2022-04-07 22:00:00,3.34,9.28,6.08,12.7,TNO4437
2022-04-07 23:00:00,3.39,8.83,5.99,12.15,TNO4437
2022-04-08 00:00:00,3.73,9.33,6.57,12.23,TNO4437
2022-04-08 01:00:00,3.92,9.63,6.83,12.48,TNO4437
2022-04-08 02:00:00,4.07,10.0,6.96,13.5,TNO4437
2022-04-08 03:00:00,3.74,9.4,6.46,13.03,TNO4437
2022-04-08 04:00:00,3.36,8.23,5.77,11.07,TNO4437
2022-04-08 05:00:00,3.29,9.13,6.14,12.53,TNO4437
2022-04-08 06:00:00,3.97,13.38,8.46,19.0,TNO4437
2022-04-08 07:00:00,5.31,20.72,11.88,30.97,TNO4437
2022-04-08 08:00:00,5.75,21.47,11.85,33.07,TNO4437
2022-04-08 09:00:00,5.24,15.9,9.65,23.68,TNO4437
2022-04-08 10:00:00,5.6,14.3,9.81,19.88,TNO4437
2022-04-08 11:00:00,4.08,11.73,7.36,16.6,TNO4437
2022-04-08 12:00:00,4.04,11.38,7.14,15.75,TNO4437
2022-04-08 13:00:00,3.41,10.35,6.21,15.6,TNO4437
2022-04-08 14:00:00,2.64,8.38,4.81,12.8,TNO4437
2022-04-08 15:00:00,2.58,11.78,5.2,19.22,TNO4437
2022-04-08 16:00:00,1.68,5.03,3.1,7.35,TNO4437
2022-04-08 17:00:00,1.84,6.65,3.5,10.95,TNO4437
2022-04-08 18:00:00,1.68,5.0,3.14,7.4,TNO4437
2022-04-08 19:00:00,1.29,3.97,2.5,5.72,TNO4437
2022-04-08 20:00:00,1.71,4.55,3.09,6.6,TNO4437
2022-04-08 21:00:00,1.67,4.65,3.0,7.08,TNO4437
2022-04-08 22:00:00,2.56,6.47,4.42,9.2,TNO4437
2022-04-08 23:00:00,2.57,6.55,4.44,9.08,TNO4437
2022-04-09 00:00:00,2.56,6.55,4.52,8.63,TNO4437
2022-04-09 01:00:00,2.56,6.67,4.64,9.2,TNO4437
2022-04-09 02:00:00,2.47,7.02,4.98,9.53,TNO4437
2022-04-09 03:00:00,2.63,7.57,5.36,10.13,TNO4437
2022-04-09 04:00:00,2.96,7.72,5.66,10.25,TNO4437
2022-04-09 05:00:00,2.92,7.57,5.6,10.0,TNO4437
2022-04-09 06:00:00,2.73,7.4,5.36,9.82,TNO4437
2022-04-09 07:00:00,2.73,7.13,5.19,9.55,TNO4437
2022-04-09 08:00:00,2.83,7.08,5.2,9.35,TNO4437
2022-04-09 09:00:00,2.96,8.5,5.55,11.9,TNO4437
2022-04-09 10:00:00,2.81,9.35,5.45,13.15,TNO4437
2022-04-09 11:00:00,2.23,8.13,4.42,11.95,TNO4437
2022-04-09 12:00:00,1.82,6.23,3.56,8.63,TNO4437
2022-04-09 13:00:00,1.71,6.17,3.37,8.47,TNO4437
2022-04-09 14:00:00,1.52,5.75,3.03,7.9,TNO4437
2022-04-09 15:00:00,1.44,5.8,2.93,8.23,TNO4437
2022-04-09 16:00:00,2.38,7.48,4.39,10.58,TNO4437
2022-04-09 17:00:00,3.03,8.47,5.31,11.8,TNO4437
2022-04-09 18:00:00,3.08,8.88,5.55,12.23,TNO4437
2022-04-09 19:00:00,3.51,10.45,6.12,14.3,TNO4437
2022-04-09 20:00:00,3.83,11.7,6.75,17.18,TNO4437
2022-04-09 21:00:00,4.4,12.72,7.44,18.78,TNO4437
2022-04-09 22:00:00,4.34,12.45,7.3,17.97,TNO4437
2022-04-09 23:00:00,5.01,13.88,8.31,20.22,TNO4437
2022-04-10 00:00:00,4.57,12.38,7.56,17.68,TNO4437
2022-04-10 01:00:00,4.38,11.6,7.29,16.98,TNO4437
2022-04-10 02:00:00,3.88,10.88,6.56,15.4,TNO4437
2022-04-10 03:00:00,3.47,9.55,5.84,13.47,TNO4437
2022-04-10 04:00:00,2.66,7.2,4.6,9.85,TNO4437
2022-04-10 05:00:00,1.86,5.72,3.9,7.38,TNO4437
2022-04-10 06:00:00,1.9,6.05,3.94,8.05,TNO4437
2022-04-10 07:00:00,2.07,6.9,4.44,9.28,TNO4437
2022-04-10 08:00:00,2.4,8.93,5.09,12.58,TNO4437
2022-04-10 09:00:00,2.93,9.65,5.89,13.33,TNO4437
2022-04-10 10:00:00,3.31,10.72,6.29,14.67,TNO4437
2022-04-10 11:00:00,3.98,12.6,7.19,17.75,TNO4437
2022-04-10 12:00:00,4.03,13.8,7.28,19.22,TNO4437
2022-04-10 13:00:00,3.97,13.2,7.14,18.2,TNO4437
2022-04-10 14:00:00,4.61,14.62,8.12,19.72,TNO4437
2022-04-10 15:00:00,6.19,18.33,10.68,24.18,TNO4437
2022-04-10 16:00:00,5.99,17.7,10.4,23.43,TNO4437
2022-04-10 17:00:00,5.59,16.53,9.69,21.95,TNO4437
2022-04-10 18:00:00,5.23,16.02,9.09,21.52,TNO4437
2022-04-10 19:00:00,5.55,17.15,9.87,23.0,TNO4437
2022-04-10 20:00:00,5.35,16.52,9.52,22.0,TNO4437
2022-04-10 21:00:00,9.51,25.75,16.07,32.28,TNO4437
2022-04-10 22:00:00,4.75,14.05,8.43,18.75,TNO4437
2022-04-25 22:00:00,2.2,7.92,4.09,11.42,TNO4437
2022-04-25 23:00:00,2.64,8.78,4.74,12.65,TNO4437
2022-04-26 00:00:00,3.2,10.63,5.73,15.95,TNO4437
2022-04-26 01:00:00,3.38,11.17,5.99,16.2,TNO4437
2022-04-26 02:00:00,3.31,10.25,5.76,14.53,TNO4437
2022-04-26 03:00:00,3.1,10.08,5.48,14.63,TNO4437
2022-04-26 04:00:00,3.27,11.58,6.05,17.98,TNO4437
2022-04-26 05:00:00,3.5,14.33,6.81,21.4,TNO4437
2022-04-26 06:00:00,3.41,14.38,6.77,22.93,TNO4437
2022-04-26 07:00:00,3.99,16.27,7.97,24.5,TNO4437
2022-04-26 08:00:00,4.75,23.17,10.01,37.47,TNO4437
2022-04-26 09:00:00,4.34,16.8,8.35,25.3,TNO4437
2022-04-26 10:00:00,4.47,16.67,8.63,26.37,TNO4437
2022-04-26 11:00:00,4.01,15.23,7.9,23.17,TNO4437
2022-04-26 12:00:00,3.84,15.2,7.7,23.58,TNO4437
2022-04-26 13:00:00,3.53,13.1,7.05,19.7,TNO4437
2022-04-26 14:00:00,3.19,11.9,6.42,17.45,TNO4437
2022-04-26 15:00:00,3.95,14.22,7.75,20.98,TNO4437
2022-04-26 16:00:00,2.56,10.12,5.18,15.5,TNO4437
2022-04-26 17:00:00,2.48,9.75,4.98,14.38,TNO4437
2022-04-26 18:00:00,2.99,11.85,6.07,17.95,TNO4437
2022-04-26 19:00:00,2.72,11.53,5.61,17.45,TNO4437
2022-04-26 20:00:00,2.76,11.97,5.6,18.95,TNO4437
2022-04-26 21:00:00,2.55,10.95,5.19,16.97,TNO4437
2022-04-26 22:00:00,2.35,9.63,4.63,15.12,TNO4437
2022-04-26 23:00:00,2.35,8.6,4.44,12.9,TNO4437
2022-04-27 00:00:00,2.37,8.58,4.47,13.13,TNO4437
2022-04-27 01:00:00,2.57,9.28,4.86,13.8,TNO4437
2022-04-27 02:00:00,2.67,9.02,4.87,13.18,TNO4437
2022-04-27 03:00:00,2.5,8.0,4.47,11.27,TNO4437
2022-04-27 04:00:00,3.33,10.05,5.93,14.0,TNO4437
2022-04-27 05:00:00,4.51,14.05,8.18,19.3,TNO4437
2022-04-27 06:00:00,5.05,15.95,9.24,21.88,TNO4437
2022-04-27 07:00:00,5.53,22.43,10.77,35.03,TNO4437
2022-04-27 08:00:00,4.93,19.18,9.39,30.15,TNO4437
2022-04-27 09:00:00,4.35,16.6,8.41,24.62,TNO4437
2022-04-27 10:00:00,3.83,15.1,7.48,23.38,TNO4437
2022-04-27 11:00:00,3.53,14.02,6.91,22.0,TNO4437
2022-04-27 12:00:00,3.13,12.6,6.23,19.2,TNO4437
2022-04-27 13:00:00,3.13,12.6,6.23,19.2,TNO4437
2022-04-27 14:00:00,3.13,12.6,6.23,19.2,TNO4437
2022-04-27 15:00:00,3.13,12.6,6.23,19.2,TNO4437
2022-04-27 16:00:00,3.13,12.6,6.23,19.2,TNO4437
2022-04-27 17:00:00,3.13,12.6,6.23,19.2,TNO4437
2022-04-27 18:00:00,3.13,12.6,6.23,19.2,TNO4437
2022-04-27 19:00:00,3.13,12.6,6.23,19.2,TNO4437
2022-04-27 20:00:00,3.13,12.6,6.23,19.2,TNO4437
2022-04-27 21:00:00,3.13,12.6,6.23,19.2,TNO4437
2022-04-27 22:00:00,3.13,12.6,6.23,19.2,TNO4437
2022-04-27 23:00:00,3.41,12.4,6.44,18.8,TNO4437
2022-04-28 00:00:00,4.27,11.2,7.14,15.12,TNO4437
2022-04-28 01:00:00,3.89,11.28,6.73,15.33,TNO4437
2022-04-28 02:00:00,4.52,12.48,7.57,17.67,TNO4437
2022-04-28 03:00:00,4.37,12.63,7.46,18.4,TNO4437
2022-04-28 04:00:00,4.35,12.32,7.37,17.63,TNO4437
2022-04-28 05:00:00,4.21,12.28,7.26,17.05,TNO4437
2022-04-28 06:00:00,4.39,14.62,8.07,21.38,TNO4437
2022-04-28 07:00:00,4.98,19.03,9.5,28.85,TNO4437
2022-04-28 08:00:00,5.8,21.23,10.86,32.88,TNO4437
2022-04-28 09:00:00,6.03,21.4,10.91,31.92,TNO4437
2022-04-28 10:00:00,6.33,21.5,11.5,31.53,TNO4437
2022-04-28 11:00:00,6.56,22.5,12.06,34.4,TNO4437
2022-04-28 12:00:00,6.55,21.9,12.08,33.15,TNO4437
2022-04-28 13:00:00,6.57,21.8,12.16,33.65,TNO4437
2022-04-28 14:00:00,6.95,22.53,13.0,33.35,TNO4437
2022-04-28 15:00:00,6.42,23.98,12.45,37.52,TNO4437
2022-04-28 16:00:00,6.06,20.08,11.62,28.9,TNO4437
2022-04-28 17:00:00,6.25,20.23,11.8,27.75,TNO4437
2022-04-28 18:00:00,5.9,18.88,10.92,26.15,TNO4437
2022-04-28 19:00:00,5.61,17.98,10.31,24.95,TNO4437
2022-04-28 20:00:00,5.42,17.95,9.84,25.52,TNO4437
2022-04-28 21:00:00,5.48,17.55,9.87,24.53,TNO4437
2022-04-28 22:00:00,5.17,16.17,9.2,22.0,TNO4437
2022-04-28 23:00:00,5.13,15.2,8.96,21.1,TNO4437
2022-04-29 00:00:00,4.67,13.65,8.11,18.08,TNO4437
2022-04-29 01:00:00,4.69,14.18,8.32,18.65,TNO4437
2022-04-29 02:00:00,4.76,14.6,8.37,19.53,TNO4437
2022-04-29 03:00:00,5.24,15.5,8.98,21.05,TNO4437
2022-04-29 04:00:00,4.89,15.1,8.49,19.95,TNO4437
2022-04-29 05:00:00,4.97,15.25,8.54,20.7,TNO4437
2022-04-29 06:00:00,5.46,17.17,9.64,24.58,TNO4437
2022-04-29 07:00:00,5.71,20.08,10.49,29.1,TNO4437
2022-04-29 08:00:00,5.09,17.47,9.44,25.6,TNO4437
2022-04-29 09:00:00,4.83,15.35,8.88,21.2,TNO4437
2022-04-29 10:00:00,4.91,15.25,9.02,21.15,TNO4437
2022-04-29 11:00:00,4.71,15.62,8.94,22.8,TNO4437
2022-04-29 12:00:00,4.68,14.95,8.82,21.8,TNO4437
2022-04-29 13:00:00,4.63,14.45,8.78,20.8,TNO4437
2022-04-29 14:00:00,5.31,16.1,9.81,22.33,TNO4437
2022-04-29 15:00:00,5.07,16.35,9.65,23.13,TNO4437
2022-04-29 16:00:00,5.13,16.72,9.79,22.63,TNO4437
2022-04-29 17:00:00,4.73,16.13,9.13,23.0,TNO4437
2022-04-29 18:00:00,4.66,16.65,9.07,23.5,TNO4437
2022-04-29 19:00:00,4.47,15.65,8.68,20.93,TNO4437
2022-04-29 20:00:00,4.03,13.65,7.66,18.57,TNO4437
2022-04-29 21:00:00,4.6,15.55,8.65,22.22,TNO4437
2022-04-29 22:00:00,4.73,15.42,8.73,21.9,TNO4437
2022-04-29 23:00:00,4.71,16.07,8.88,22.38,TNO4437
2022-04-30 00:00:00,4.68,15.58,8.79,20.7,TNO4437
2022-04-30 01:00:00,4.57,14.75,8.43,19.47,TNO4437
2022-04-30 02:00:00,4.74,15.1,8.68,20.93,TNO4437
2022-04-30 03:00:00,5.84,17.75,10.5,24.88,TNO4437
2022-04-30 04:00:00,5.52,17.35,9.99,24.5,TNO4437
2022-04-30 05:00:00,5.35,16.78,9.73,24.37,TNO4437
2022-04-30 06:00:00,5.68,18.83,10.49,27.17,TNO4437
2022-04-30 07:00:00,5.39,17.72,10.05,26.05,TNO4437
2022-04-30 08:00:00,4.88,14.42,8.88,20.47,TNO4437
2022-04-30 09:00:00,4.52,11.18,7.84,14.52,TNO4437
2022-04-30 10:00:00,3.82,9.08,6.46,12.0,TNO4437
2022-04-30 11:00:00,3.09,7.13,5.2,9.4,TNO4437
2022-04-30 12:00:00,3.05,7.73,5.35,10.85,TNO4437
2022-04-30 13:00:00,2.91,7.03,5.05,9.35,TNO4437
2022-04-30 14:00:00,2.19,5.0,3.72,6.68,TNO4437
2022-04-30 15:00:00,1.78,4.0,3.01,5.45,TNO4437
2022-04-30 16:00:00,2.0,4.67,3.34,6.15,TNO4437
2022-04-30 17:00:00,2.34,5.58,3.99,7.58,TNO4437
2022-04-30 18:00:00,2.67,6.48,4.56,8.98,TNO4437
2022-04-30 19:00:00,2.67,6.3,4.47,8.7,TNO4437
2022-04-30 20:00:00,2.25,5.22,3.71,7.35,TNO4437
2022-04-30 21:00:00,3.18,6.32,4.99,8.42,TNO4437
2022-04-30 22:00:00,3.56,7.0,5.64,8.93,TNO4437
2022-04-30 23:00:00,3.04,6.07,4.86,7.88,TNO4437
2022-05-01 00:00:00,2.32,4.58,3.64,5.9,TNO4437
2022-05-01 01:00:00,2.0,4.07,3.22,5.13,TNO4437
2022-05-01 02:00:00,2.13,4.45,3.39,5.7,TNO4437
2022-05-01 03:00:00,2.51,5.35,4.06,6.77,TNO4437
2022-05-01 04:00:00,2.75,5.77,4.44,7.35,TNO4437
2022-05-01 05:00:00,3.12,6.55,5.0,8.25,TNO4437
2022-05-01 06:00:00,3.26,7.13,5.34,8.95,TNO4437
2022-05-01 07:00:00,3.56,8.05,5.89,10.0,TNO4437
2022-05-01 08:00:00,3.18,6.82,5.2,8.5,TNO4437
2022-05-01 09:00:00,3.09,7.07,5.13,9.05,TNO4437
2022-05-01 10:00:00,2.55,5.95,4.36,7.73,TNO4437
2022-05-01 11:00:00,1.01,2.82,1.88,4.13,TNO4437
2022-05-01 12:00:00,0.52,1.8,1.1,2.6,TNO4437
2022-05-01 13:00:00,0.55,1.85,1.18,2.77,TNO4437
2022-05-01 14:00:00,0.65,1.83,1.29,2.53,TNO4437
2022-05-01 15:00:00,0.59,1.8,1.18,2.75,TNO4437
2022-05-01 16:00:00,0.49,1.58,0.94,2.62,TNO4437
2022-05-01 17:00:00,0.35,1.03,0.65,1.6,TNO4437
2022-05-01 18:00:00,0.58,1.8,1.07,2.85,TNO4437
2022-05-01 19:00:00,0.94,2.75,1.64,4.2,TNO4437
2022-05-01 20:00:00,1.87,5.48,3.26,8.73,TNO4437
2022-05-01 21:00:00,2.24,5.4,3.39,7.7,TNO4437
2022-05-01 22:00:00,1.3,4.0,2.22,6.23,TNO4437
2022-05-01 23:00:00,1.44,4.33,2.41,6.25,TNO4437
2022-05-02 00:00:00,2.05,6.15,3.5,9.13,TNO4437
2022-05-02 01:00:00,1.79,5.52,3.15,8.55,TNO4437
2022-05-02 02:00:00,2.51,5.75,3.95,7.7,TNO4437
2022-05-02 03:00:00,2.66,5.05,4.0,6.38,TNO4437
2022-05-02 04:00:00,5.2,10.52,7.83,13.3,TNO4437
2022-05-02 05:00:00,3.81,6.25,4.87,11.25,TNO4437
2022-05-02 06:00:00,1.83,2.95,2.44,3.5,TNO4437
2022-05-02 07:00:00,4.01,5.92,5.25,6.9,TNO4437
2022-05-02 08:00:00,2.67,4.18,3.56,4.95,TNO4437
2022-05-02 09:00:00,1.91,3.22,2.56,4.32,TNO4437
2022-05-02 10:00:00,1.04,2.2,1.52,3.07,TNO4437
2022-05-02 11:00:00,0.81,2.05,1.25,3.13,TNO4437
2022-05-02 12:00:00,1.16,2.75,1.85,3.65,TNO4437
2022-05-02 13:00:00,1.06,2.5,1.68,3.55,TNO4437
2022-05-02 14:00:00,1.1,3.62,1.96,5.67,TNO4437
2022-05-02 15:00:00,1.26,4.47,2.33,7.58,TNO4437
2022-05-02 16:00:00,0.75,2.65,1.41,4.95,TNO4437
2022-05-02 17:00:00,0.81,2.88,1.5,5.13,TNO4437
2022-05-02 18:00:00,0.62,2.15,1.08,3.7,TNO4437
2022-05-02 19:00:00,1.37,3.35,2.09,4.88,TNO4437
2022-05-02 20:00:00,1.19,4.13,2.09,6.37,TNO4437
2022-05-02 21:00:00,1.35,4.25,2.28,6.85,TNO4437
2022-05-02 22:00:00,1.59,5.08,2.73,7.5,TNO4437
2022-05-02 23:00:00,1.7,5.15,2.88,7.4,TNO4437
2022-05-03 00:00:00,1.34,3.75,2.2,5.45,TNO4437
2022-05-03 01:00:00,1.47,4.35,2.48,6.45,TNO4437
2022-05-03 02:00:00,1.56,4.83,2.64,7.6,TNO4437
2022-05-03 03:00:00,1.58,4.2,2.4,5.85,TNO4437
2022-05-03 04:00:00,1.05,2.68,1.58,3.65,TNO4437
2022-05-03 05:00:00,1.03,2.63,1.53,3.8,TNO4437
2022-05-03 06:00:00,0.93,2.75,1.59,4.28,TNO4437
2022-05-03 07:00:00,1.3,3.97,2.37,5.95,TNO4437
2022-05-03 08:00:00,1.38,4.42,2.5,6.6,TNO4437
2022-05-03 09:00:00,1.5,5.95,2.85,10.25,TNO4437
2022-05-03 10:00:00,1.5,7.13,3.0,12.95,TNO4437
2022-05-03 11:00:00,0.82,4.67,1.83,9.37,TNO4437
2022-05-03 12:00:00,1.26,7.1,2.69,14.17,TNO4437
2022-05-03 13:00:00,1.55,7.73,3.23,13.92,TNO4437
2022-05-03 14:00:00,1.3,6.87,2.83,12.95,TNO4437
2022-05-03 15:00:00,1.12,6.55,2.47,12.63,TNO4437
2022-05-03 16:00:00,0.95,4.8,2.03,8.8,TNO4437
2022-05-03 17:00:00,1.0,5.33,2.17,10.48,TNO4437
2022-05-03 18:00:00,0.99,4.88,2.12,9.22,TNO4437
2022-05-03 19:00:00,1.11,5.05,2.26,9.03,TNO4437
2022-05-03 20:00:00,0.97,4.25,1.94,8.43,TNO4437
2022-05-03 21:00:00,0.98,4.15,2.0,6.92,TNO4437
2022-05-03 22:00:00,0.97,3.62,1.78,6.5,TNO4437
2022-05-03 23:00:00,1.03,3.07,1.84,4.78,TNO4437
2022-05-04 00:00:00,1.02,2.98,1.82,4.13,TNO4437
2022-05-04 01:00:00,0.83,2.58,1.51,4.2,TNO4437
2022-05-04 02:00:00,0.87,2.75,1.61,4.0,TNO4437
2022-05-04 03:00:00,0.65,2.32,1.34,3.63,TNO4437
2022-05-04 04:00:00,0.55,2.0,1.2,2.77,TNO4437
2022-05-04 05:00:00,0.47,1.7,1.03,2.48,TNO4437
2022-05-04 06:00:00,0.6,1.87,1.26,2.72,TNO4437
2022-05-04 07:00:00,0.79,2.67,1.66,4.38,TNO4437
2022-05-04 08:00:00,0.89,3.95,1.92,6.57,TNO4437
2022-05-04 09:00:00,0.75,3.6,1.63,6.1,TNO4437
2022-05-04 10:00:00,0.59,3.1,1.32,5.75,TNO4437
2022-05-04 11:00:00,0.69,3.07,1.46,5.23,TNO4437
2022-05-04 12:00:00,1.57,8.17,3.14,13.18,TNO4437
2022-05-04 13:00:00,2.84,8.65,5.31,12.87,TNO4437
2022-05-04 14:00:00,3.0,8.9,5.59,13.9,TNO4437
2022-05-04 15:00:00,2.89,8.53,5.39,12.35,TNO4437
2022-05-04 16:00:00,2.4,7.48,4.56,10.42,TNO4437
2022-05-04 17:00:00,1.9,6.58,3.74,9.93,TNO4437
2022-05-04 18:00:00,1.42,5.25,2.95,8.5,TNO4437
2022-05-04 19:00:00,2.06,6.6,3.82,9.85,TNO4437
2022-05-04 20:00:00,2.01,8.52,3.75,12.1,TNO4437
2022-05-04 21:00:00,2.04,6.78,3.68,10.9,TNO4437
2022-05-04 22:00:00,2.83,8.85,5.19,12.83,TNO4437
2022-05-04 23:00:00,3.27,10.53,6.06,16.3,TNO4437
2022-05-05 00:00:00,3.44,10.85,6.51,15.82,TNO4437
2022-05-05 01:00:00,4.14,11.95,8.6,16.03,TNO4437
2022-05-05 02:00:00,3.82,11.1,8.19,14.83,TNO4437
2022-05-05 03:00:00,3.63,10.55,7.86,13.85,TNO4437
2022-05-05 04:00:00,3.37,10.78,7.73,14.9,TNO4437
2022-05-05 05:00:00,3.04,10.13,7.17,14.02,TNO4437
2022-05-05 06:00:00,2.84,10.18,6.76,14.4,TNO4437
2022-05-05 07:00:00,2.58,9.25,6.04,13.05,TNO4437
2022-05-05 08:00:00,2.07,7.08,4.38,10.45,TNO4437
2022-05-05 09:00:00,2.12,7.67,4.41,11.3,TNO4437
2022-05-05 10:00:00,2.37,7.85,4.83,11.4,TNO4437
2022-05-05 11:00:00,2.14,8.12,4.26,12.68,TNO4437
2022-05-05 12:00:00,1.51,5.35,2.92,8.47,TNO4437
2022-05-05 13:00:00,1.3,4.38,2.51,6.52,TNO4437
2022-05-05 14:00:00,1.42,5.1,2.79,8.43,TNO4437
2022-05-05 15:00:00,1.65,6.42,3.39,10.27,TNO4437
2022-05-05 16:00:00,1.65,6.15,3.35,9.4,TNO4437
2022-05-05 17:00:00,1.52,5.73,3.08,8.45,TNO4437
2022-05-05 18:00:00,1.73,6.35,3.5,10.15,TNO4437
2022-05-05 19:00:00,1.9,7.03,3.81,11.2,TNO4437
2022-05-05 20:00:00,1.65,6.33,3.36,10.15,TNO4437
2022-05-05 21:00:00,1.87,6.65,3.61,10.45,TNO4437
2022-05-05 22:00:00,2.27,7.47,4.34,11.77,TNO4437
2022-05-05 23:00:00,1.74,5.93,3.32,9.08,TNO4437
2022-05-06 00:00:00,1.75,5.67,3.3,8.43,TNO4437
2022-05-06 01:00:00,1.39,4.75,2.67,7.13,TNO4437
2022-05-06 02:00:00,1.48,4.73,2.75,7.35,TNO4437
2022-05-06 03:00:00,1.68,5.13,3.07,7.52,TNO4437
2022-05-06 04:00:00,1.72,4.92,3.09,7.02,TNO4437
2022-05-06 05:00:00,1.64,4.7,2.96,7.13,TNO4437
2022-05-06 06:00:00,1.2,4.35,2.32,7.05,TNO4437
2022-05-06 07:00:00,0.92,4.32,1.97,7.27,TNO4437
2022-05-06 08:00:00,0.98,5.75,2.29,10.53,TNO4437
2022-05-06 09:00:00,0.95,4.63,2.0,8.25,TNO4437
2022-05-06 10:00:00,0.9,3.63,1.84,6.08,TNO4437
2022-05-06 11:00:00,0.98,3.68,2.09,5.92,TNO4437
2022-05-06 12:00:00,0.78,3.22,1.75,5.52,TNO4437
2022-05-06 13:00:00,0.6,2.32,1.28,3.52,TNO4437
2022-05-06 14:00:00,0.65,2.8,1.46,4.9,TNO4437
2022-05-06 15:00:00,0.84,3.35,1.73,5.97,TNO4437
2022-05-06 16:00:00,0.88,3.7,1.81,6.63,TNO4437
2022-05-06 17:00:00,0.84,3.38,1.76,5.67,TNO4437
2022-05-06 18:00:00,0.82,3.03,1.67,4.55,TNO4437
2022-05-06 19:00:00,1.32,4.25,2.37,6.6,TNO4437
2022-05-06 20:00:00,1.01,4.77,2.18,7.5,TNO4437
2022-05-06 21:00:00,1.5,5.67,3.08,9.07,TNO4437
2022-05-06 22:00:00,2.12,6.65,4.43,9.58,TNO4437
2022-05-06 23:00:00,2.19,7.63,4.79,11.75,TNO4437
2022-05-07 00:00:00,2.51,8.0,5.25,11.98,TNO4437
2022-05-07 01:00:00,2.5,7.88,4.96,12.7,TNO4437
2022-05-07 02:00:00,2.15,7.27,4.16,12.02,TNO4437
2022-05-07 03:00:00,1.93,6.75,3.84,10.67,TNO4437
2022-05-07 04:00:00,2.02,7.67,4.23,13.83,TNO4437
2022-05-07 05:00:00,1.65,8.25,3.8,26.92,TNO4437
2022-05-07 06:00:00,1.25,5.93,2.72,17.72,TNO4437
2022-05-07 07:00:00,1.29,4.85,2.91,7.12,TNO4437
2022-05-07 08:00:00,0.74,2.63,1.64,3.85,TNO4437
2022-05-07 09:00:00,1.5,3.95,2.7,5.43,TNO4437
2022-05-07 10:00:00,3.49,8.88,5.85,12.42,TNO4437
2022-05-07 11:00:00,3.73,8.42,5.91,11.08,TNO4437
2022-05-07 12:00:00,3.85,8.5,6.06,11.7,TNO4437
2022-05-07 13:00:00,5.16,11.25,8.16,15.0,TNO4437
2022-05-07 14:00:00,4.5,9.55,7.09,13.1,TNO4437
2022-05-07 15:00:00,5.28,11.2,8.52,14.2,TNO4437
2022-05-07 16:00:00,5.52,11.5,8.76,14.67,TNO4437
2022-05-07 17:00:00,4.47,9.58,7.36,12.28,TNO4437
2022-05-07 18:00:00,4.66,10.3,7.59,13.97,TNO4437
2022-05-07 19:00:00,4.7,10.03,7.56,12.7,TNO4437
2022-05-07 20:00:00,4.42,9.15,7.2,11.7,TNO4437
2022-05-07 21:00:00,4.13,8.88,6.84,11.5,TNO4437
2022-05-07 22:00:00,4.71,9.67,8.12,12.4,TNO4437
2022-05-07 23:00:00,5.0,9.58,7.66,12.13,TNO4437
2022-05-08 00:00:00,5.21,9.67,8.03,12.18,TNO4437
2022-05-08 01:00:00,4.72,8.95,7.14,11.53,TNO4437
2022-05-08 02:00:00,4.47,8.7,6.94,11.17,TNO4437
2022-05-08 03:00:00,4.89,9.85,7.71,12.85,TNO4437
2022-05-08 04:00:00,4.49,9.27,6.94,12.2,TNO4437
2022-05-08 05:00:00,4.22,8.28,6.38,10.5,TNO4437
2022-05-08 06:00:00,3.66,7.85,5.7,10.7,TNO4437
2022-05-08 07:00:00,4.01,8.63,6.46,11.67,TNO4437
2022-05-08 08:00:00,4.86,9.92,7.7,12.68,TNO4437
2022-05-08 09:00:00,4.42,11.22,7.22,17.78,TNO4437
2022-05-08 10:00:00,3.65,12.07,6.31,22.88,TNO4437
2022-05-08 11:00:00,3.88,13.3,6.94,26.65,TNO4437
2022-05-08 12:00:00,4.56,12.95,8.1,21.83,TNO4437
2022-05-08 13:00:00,3.34,10.4,6.18,16.25,TNO4437
2022-05-08 14:00:00,2.32,7.82,4.48,13.35,TNO4437
2022-05-08 15:00:00,1.92,5.78,3.64,8.47,TNO4437
2022-05-08 16:00:00,1.9,5.27,3.53,7.83,TNO4437
2022-05-08 17:00:00,1.49,4.48,2.86,6.53,TNO4437
2022-05-08 18:00:00,1.64,4.65,3.03,6.77,TNO4437
2022-05-08 19:00:00,1.48,4.15,2.68,6.42,TNO4437
2022-05-08 20:00:00,1.39,3.93,2.45,5.75,TNO4437
2022-05-08 21:00:00,1.34,3.8,2.44,5.4,TNO4437
2022-05-08 22:00:00,1.47,4.42,2.69,6.88,TNO4437
2022-05-08 23:00:00,1.5,4.2,2.67,6.2,TNO4437
2022-05-09 00:00:00,1.83,5.23,3.26,7.73,TNO4437
2022-05-09 01:00:00,2.13,5.42,3.71,7.25,TNO4437
2022-05-09 02:00:00,1.19,3.48,2.22,5.32,TNO4437
2022-05-09 03:00:00,1.73,4.7,3.11,6.58,TNO4437
2022-05-09 04:00:00,1.94,5.25,3.46,6.98,TNO4437
2022-05-09 05:00:00,2.26,6.45,4.12,8.75,TNO4437
2022-05-09 06:00:00,2.79,7.75,5.01,10.55,TNO4437
2022-05-09 07:00:00,2.86,8.15,5.16,11.02,TNO4437
2022-05-09 08:00:00,2.57,7.23,4.6,9.8,TNO4437
2022-05-09 09:00:00,1.9,4.95,3.24,6.92,TNO4437
2022-05-09 10:00:00,2.31,6.73,4.1,9.13,TNO4437
2022-05-09 11:00:00,2.4,7.4,4.34,11.4,TNO4437
2022-05-09 12:00:00,2.14,6.35,3.81,9.23,TNO4437
2022-05-09 13:00:00,1.27,3.73,2.23,5.37,TNO4437
2022-05-09 14:00:00,1.3,3.45,2.23,5.15,TNO4437
2022-05-09 15:00:00,1.1,3.55,2.01,5.75,TNO4437
2022-05-09 16:00:00,0.73,2.05,1.28,3.27,TNO4437
2022-05-09 17:00:00,0.73,2.2,1.28,3.97,TNO4437
2022-05-09 18:00:00,0.84,2.32,1.45,3.77,TNO4437
2022-05-09 19:00:00,1.19,2.9,2.05,4.18,TNO4437
2022-05-09 20:00:00,1.7,3.72,2.92,5.13,TNO4437
2022-05-09 21:00:00,1.1,3.2,2.19,4.77,TNO4437
2022-05-09 22:00:00,2.71,8.4,6.01,11.92,TNO4437
2022-05-09 23:00:00,3.03,9.25,6.81,12.65,TNO4437
2022-05-10 00:00:00,3.74,11.08,8.33,15.08,TNO4437
2022-05-10 01:00:00,5.01,14.0,10.92,18.7,TNO4437
2022-05-10 02:00:00,5.18,14.42,11.32,19.0,TNO4437
2022-05-10 03:00:00,5.4,14.55,11.63,19.2,TNO4437
2022-05-10 04:00:00,5.25,14.43,11.41,19.08,TNO4437
2022-05-10 05:00:00,5.41,14.93,11.84,19.57,TNO4437
2022-05-10 06:00:00,5.75,15.1,12.09,19.67,TNO4437
2022-05-10 07:00:00,5.5,12.88,10.46,16.6,TNO4437
2022-05-10 08:00:00,5.46,11.82,9.71,14.73,TNO4437
2022-05-10 09:00:00,4.7,9.85,7.72,12.75,TNO4437
2022-05-10 10:00:00,4.53,10.05,7.63,13.38,TNO4437
2022-05-10 11:00:00,4.08,9.95,7.2,15.05,TNO4437
2022-05-10 12:00:00,3.94,9.83,6.9,14.3,TNO4437
2022-05-10 13:00:00,3.93,9.92,6.8,14.42,TNO4437
2022-05-10 14:00:00,3.25,8.4,5.66,12.1,TNO4437
2022-05-10 15:00:00,3.12,8.6,5.44,13.03,TNO4437
2022-05-10 16:00:00,2.36,6.7,4.22,10.3,TNO4437
2022-05-10 17:00:00,3.08,7.07,5.32,9.6,TNO4437
2022-05-10 18:00:00,2.84,6.85,4.93,9.88,TNO4437
2022-05-10 19:00:00,1.94,4.78,3.5,6.77,TNO4437
2022-05-10 20:00:00,2.8,6.5,4.9,8.67,TNO4437
2022-05-10 21:00:00,2.89,6.18,4.97,7.87,TNO4437
2022-05-10 22:00:00,3.27,7.2,5.88,9.1,TNO4437
2022-05-25 22:00:00,1.66,4.78,3.26,6.85,TNO4437
2022-05-25 23:00:00,1.53,4.13,3.02,6.13,TNO4437
2022-05-26 00:00:00,1.98,5.67,4.14,7.4,TNO4437
2022-05-26 01:00:00,1.91,5.67,4.13,7.4,TNO4437
2022-05-26 02:00:00,1.99,5.67,4.19,7.4,TNO4437
2022-05-26 03:00:00,2.34,6.05,4.66,7.78,TNO4437
2022-05-26 04:00:00,1.39,3.65,2.98,4.98,TNO4437
2022-05-26 05:00:00,1.34,3.35,2.5,4.52,TNO4437
2022-05-26 06:00:00,1.58,4.02,3.01,5.3,TNO4437
2022-05-26 07:00:00,1.12,2.7,2.11,3.67,TNO4437
2022-05-26 08:00:00,0.6,1.7,1.1,2.6,TNO4437
2022-05-26 09:00:00,0.34,1.4,0.7,2.35,TNO4437
2022-05-26 10:00:00,0.23,1.28,0.48,2.42,TNO4437
2022-05-26 11:00:00,0.22,1.25,0.52,2.5,TNO4437
2022-05-26 12:00:00,0.29,2.35,0.72,4.6,TNO4437
2022-05-26 13:00:00,0.34,2.68,0.81,5.17,TNO4437
2022-05-26 14:00:00,0.47,3.38,1.1,6.5,TNO4437
2022-05-26 15:00:00,0.88,4.32,1.85,7.5,TNO4437
2022-05-26 16:00:00,2.19,7.2,4.14,10.8,TNO4437
2022-05-26 17:00:00,3.58,10.63,6.57,15.1,TNO4437
2022-05-26 18:00:00,4.51,13.13,8.53,18.08,TNO4437
2022-05-26 19:00:00,4.87,14.25,9.79,19.55,TNO4437
2022-05-26 20:00:00,5.89,16.5,11.48,22.08,TNO4437
2022-05-26 21:00:00,6.31,17.33,12.2,23.03,TNO4437
2022-05-26 22:00:00,6.28,18.55,12.09,24.23,TNO4437
2022-05-26 23:00:00,6.82,17.0,12.62,21.75,TNO4437
2022-05-27 00:00:00,7.24,18.67,14.04,23.75,TNO4437
2022-05-27 01:00:00,7.43,19.5,15.34,25.15,TNO4437
2022-05-27 02:00:00,7.71,19.6,15.51,25.3,TNO4437
2022-05-27 03:00:00,9.29,23.3,17.59,30.78,TNO4437
2022-05-27 04:00:00,7.61,18.83,14.79,24.08,TNO4437
2022-05-27 05:00:00,6.96,18.43,14.63,23.7,TNO4437
2022-05-27 06:00:00,6.88,17.9,14.12,23.5,TNO4437
2022-05-27 07:00:00,6.65,16.75,12.56,21.65,TNO4437
2022-05-27 08:00:00,6.13,15.5,11.01,20.15,TNO4437
2022-05-27 09:00:00,4.95,13.13,9.1,17.22,TNO4437
2022-05-27 10:00:00,4.16,11.58,7.69,16.0,TNO4437
2022-05-27 11:00:00,3.84,10.9,6.92,15.17,TNO4437
2022-05-27 12:00:00,3.82,11.47,6.78,16.3,TNO4437
2022-05-27 13:00:00,3.6,10.53,6.48,14.8,TNO4437
2022-05-27 14:00:00,3.44,9.83,6.11,13.6,TNO4437
2022-05-27 15:00:00,3.26,9.88,5.85,14.05,TNO4437
2022-05-27 16:00:00,3.86,10.67,6.72,14.77,TNO4437
2022-05-27 17:00:00,4.01,11.5,7.02,15.83,TNO4437
2022-05-27 18:00:00,3.3,9.55,5.91,12.8,TNO4437
2022-05-27 19:00:00,3.7,10.85,6.69,15.23,TNO4437
2022-05-27 20:00:00,3.75,10.75,7.0,14.73,TNO4437
2022-05-27 21:00:00,4.3,12.3,8.2,16.55,TNO4437
2022-05-27 22:00:00,4.53,12.5,8.44,17.75,TNO4437
2022-05-27 23:00:00,4.65,13.05,8.95,17.68,TNO4437
2022-05-28 00:00:00,5.35,14.33,9.44,19.18,TNO4437
2022-05-28 01:00:00,5.76,15.2,9.96,19.9,TNO4437
2022-05-28 02:00:00,6.1,15.47,10.13,20.92,TNO4437
2022-05-28 03:00:00,6.18,15.63,10.47,20.88,TNO4437
2022-05-28 04:00:00,5.78,14.13,9.64,18.6,TNO4437
2022-05-28 05:00:00,5.51,13.33,9.26,17.27,TNO4437
2022-05-28 06:00:00,5.53,13.83,9.79,18.2,TNO4437
2022-05-28 07:00:00,6.03,15.4,10.49,20.07,TNO4437
2022-05-28 08:00:00,4.71,13.05,8.5,18.03,TNO4437
2022-05-28 09:00:00,3.69,10.3,6.84,13.95,TNO4437
2022-05-28 10:00:00,2.96,8.33,5.42,11.4,TNO4437
2022-05-28 11:00:00,1.97,5.65,3.62,8.55,TNO4437
2022-05-28 12:00:00,1.91,5.5,3.5,7.95,TNO4437
2022-05-28 13:00:00,2.13,6.28,3.92,8.7,TNO4437
2022-05-28 14:00:00,2.5,7.6,4.56,10.87,TNO4437
2022-05-28 15:00:00,2.69,7.6,4.92,10.5,TNO4437
2022-05-28 16:00:00,2.91,8.5,5.17,11.8,TNO4437
2022-05-28 17:00:00,3.02,8.9,5.37,12.85,TNO4437
2022-05-28 18:00:00,2.76,8.67,4.85,13.03,TNO4437
2022-05-28 19:00:00,2.56,7.3,4.27,10.23,TNO4437
2022-05-28 20:00:00,2.62,7.32,4.34,9.85,TNO4437
2022-05-28 21:00:00,2.23,6.27,3.78,8.58,TNO4437
2022-05-28 22:00:00,2.14,5.98,3.66,8.35,TNO4437
2022-05-28 23:00:00,2.24,6.28,3.89,8.7,TNO4437
2022-05-29 00:00:00,2.3,6.52,4.16,9.58,TNO4437
2022-05-29 01:00:00,2.19,6.42,4.08,8.63,TNO4437
2022-05-29 02:00:00,2.17,7.2,4.57,10.2,TNO4437
2022-05-29 03:00:00,2.23,7.27,4.85,9.7,TNO4437
2022-05-29 04:00:00,2.44,7.8,5.43,10.4,TNO4437
2022-05-29 05:00:00,2.65,8.4,5.8,11.33,TNO4437
2022-05-29 06:00:00,3.04,8.95,6.24,11.95,TNO4437
2022-05-29 07:00:00,3.36,8.77,6.21,11.2,TNO4437
2022-05-29 08:00:00,3.31,8.33,5.68,11.25,TNO4437
2022-05-29 09:00:00,3.37,8.57,5.76,11.5,TNO4437
2022-05-29 10:00:00,3.6,9.65,6.17,13.05,TNO4437
2022-05-29 11:00:00,3.84,11.13,6.62,15.2,TNO4437
2022-05-29 12:00:00,3.94,10.95,6.81,14.73,TNO4437
2022-05-29 13:00:00,3.19,9.63,5.6,13.55,TNO4437
2022-05-29 14:00:00,2.17,7.25,4.09,11.25,TNO4437
2022-05-29 15:00:00,1.32,4.48,2.52,6.9,TNO4437
2022-05-29 16:00:00,1.37,4.4,2.53,6.35,TNO4437
2022-05-29 17:00:00,1.36,4.35,2.5,6.52,TNO4437
2022-05-29 18:00:00,0.97,3.4,1.83,5.17,TNO4437
2022-05-29 19:00:00,0.86,2.98,1.64,4.55,TNO4437
2022-05-29 20:00:00,0.93,3.3,1.79,4.6,TNO4437
2022-05-29 21:00:00,1.03,3.43,1.91,5.22,TNO4437
2022-05-29 22:00:00,1.15,3.8,2.07,5.6,TNO4437
2022-05-29 23:00:00,1.42,4.77,2.65,7.15,TNO4437
2022-05-30 00:00:00,1.69,5.65,3.36,8.05,TNO4437
2022-05-30 01:00:00,1.68,5.42,3.44,7.65,TNO4437
2022-05-30 02:00:00,1.63,5.4,3.33,7.73,TNO4437
2022-05-30 03:00:00,1.82,6.0,3.81,8.65,TNO4437
2022-05-30 04:00:00,2.26,7.3,4.95,9.8,TNO4437
2022-05-30 05:00:00,2.5,8.1,5.78,11.33,TNO4437
2022-05-30 06:00:00,2.76,8.8,6.19,12.15,TNO4437
2022-05-30 07:00:00,3.15,10.15,6.75,14.07,TNO4437
2022-05-30 08:00:00,3.3,12.13,6.9,17.77,TNO4437
2022-05-30 09:00:00,2.44,7.95,4.83,11.22,TNO4437
2022-05-30 10:00:00,2.91,8.07,5.29,11.08,TNO4437
2022-05-30 11:00:00,2.17,6.9,4.21,10.3,TNO4437
2022-05-30 12:00:00,1.72,5.52,3.25,8.6,TNO4437
2022-05-30 13:00:00,1.29,4.02,2.35,6.05,TNO4437
2022-05-30 14:00:00,1.67,5.38,3.11,8.28,TNO4437
2022-05-30 15:00:00,1.0,3.0,1.96,4.52,TNO4437
2022-05-30 16:00:00,0.86,3.35,1.77,5.42,TNO4437
2022-05-30 17:00:00,1.07,3.23,2.1,4.65,TNO4437
2022-05-30 18:00:00,0.96,2.63,1.8,4.2,TNO4437
2022-05-30 19:00:00,1.01,2.72,1.83,4.48,TNO4437
2022-05-30 20:00:00,1.38,3.88,2.65,5.82,TNO4437
2022-05-30 21:00:00,1.34,4.35,2.82,6.35,TNO4437
2022-05-30 22:00:00,1.19,4.17,2.57,6.77,TNO4437
2022-05-30 23:00:00,1.12,3.13,2.15,5.0,TNO4437
2022-05-31 00:00:00,1.27,3.45,2.35,5.45,TNO4437
2022-05-31 01:00:00,1.34,4.27,2.67,7.13,TNO4437
2022-05-31 02:00:00,1.37,4.75,2.82,7.05,TNO4437
2022-05-31 03:00:00,1.27,4.38,2.64,6.75,TNO4437
2022-05-31 04:00:00,1.18,4.4,2.5,6.8,TNO4437
2022-05-31 05:00:00,1.19,4.5,2.58,7.2,TNO4437
2022-05-31 06:00:00,1.32,5.03,3.02,7.3,TNO4437
2022-05-31 07:00:00,1.58,5.85,3.66,8.7,TNO4437
2022-05-31 08:00:00,1.9,6.5,4.08,9.33,TNO4437
2022-05-31 09:00:00,2.07,5.95,3.86,8.33,TNO4437
2022-05-31 10:00:00,1.81,5.42,3.29,8.23,TNO4437
2022-05-31 11:00:00,1.52,5.05,2.88,7.8,TNO4437
2022-05-31 12:00:00,1.31,4.8,2.5,7.33,TNO4437
2022-05-31 13:00:00,0.87,2.97,1.66,5.0,TNO4437
2022-05-31 14:00:00,0.77,2.88,1.5,5.03,TNO4437
2022-05-31 15:00:00,0.59,2.07,1.11,3.85,TNO4437
2022-05-31 16:00:00,0.91,2.75,1.65,4.08,TNO4437
2022-05-31 17:00:00,0.79,2.75,1.51,4.82,TNO4437
2022-05-31 18:00:00,0.58,2.7,1.31,4.15,TNO4437
2022-05-31 19:00:00,0.76,2.38,1.51,3.5,TNO4437
2022-05-31 20:00:00,1.36,4.1,2.64,6.3,TNO4437
2022-05-31 21:00:00,1.26,4.2,2.7,6.02,TNO4437
2022-05-31 22:00:00,1.49,4.7,3.12,6.75,TNO4437
2022-05-31 23:00:00,1.55,4.42,3.4,6.0,TNO4437
2022-06-01 00:00:00,1.56,4.63,3.67,6.3,TNO4437
2022-06-01 01:00:00,1.7,5.57,4.17,7.75,TNO4437
2022-06-01 02:00:00,1.31,4.18,3.12,5.85,TNO4437
2022-06-01 03:00:00,1.23,3.88,2.8,5.95,TNO4437
2022-06-01 04:00:00,1.04,3.48,2.35,5.27,TNO4437
2022-06-01 05:00:00,0.67,2.7,1.47,5.03,TNO4437
2022-06-01 06:00:00,0.84,3.45,1.77,5.2,TNO4437
2022-06-01 07:00:00,0.63,2.75,1.39,4.33,TNO4437
2022-06-01 08:00:00,1.27,6.27,2.96,10.53,TNO4437
2022-06-01 09:00:00,0.92,3.65,1.85,5.67,TNO4437
2022-06-01 10:00:00,0.87,3.95,1.89,6.43,TNO4437
2022-06-01 11:00:00,0.79,3.68,1.67,6.4,TNO4437
2022-06-01 12:00:00,0.84,4.78,1.93,9.5,TNO4437
2022-06-01 13:00:00,0.73,3.15,1.51,5.17,TNO4437
2022-06-01 14:00:00,0.74,3.55,1.59,6.45,TNO4437
2022-06-01 15:00:00,0.82,4.27,1.8,7.35,TNO4437
2022-06-01 16:00:00,0.66,3.03,1.38,5.4,TNO4437
2022-06-01 17:00:00,0.84,4.33,1.91,8.25,TNO4437
2022-06-01 18:00:00,0.68,4.13,1.61,7.83,TNO4437
2022-06-01 19:00:00,0.51,2.8,1.16,5.58,TNO4437
2022-06-01 20:00:00,0.47,2.3,0.98,4.42,TNO4437
2022-06-01 21:00:00,0.91,3.9,1.9,6.1,TNO4437
2022-06-01 22:00:00,1.38,5.48,2.78,9.17,TNO4437
2022-06-01 23:00:00,1.65,6.48,3.3,10.4,TNO4437
2022-06-02 00:00:00,1.85,8.28,3.91,13.8,TNO4437
2022-06-02 01:00:00,1.48,6.45,3.11,10.15,TNO4437
2022-06-02 02:00:00,1.07,4.15,2.15,6.6,TNO4437
2022-06-02 03:00:00,1.58,5.9,3.11,9.28,TNO4437
2022-06-02 04:00:00,1.41,5.15,2.8,8.08,TNO4437
2022-06-02 05:00:00,1.02,4.05,2.02,6.3,TNO4437
2022-06-02 06:00:00,0.95,4.52,2.02,7.87,TNO4437
2022-06-02 07:00:00,1.43,7.38,3.08,13.15,TNO4437
2022-06-02 08:00:00,1.86,10.77,4.43,20.02,TNO4437
2022-06-02 09:00:00,0.95,5.62,2.14,10.93,TNO4437
2022-06-02 10:00:00,0.9,5.05,2.01,9.52,TNO4437
2022-06-02 11:00:00,0.94,6.15,2.22,11.58,TNO4437
2022-06-02 12:00:00,0.91,6.42,2.2,12.43,TNO4437
2022-06-02 13:00:00,1.19,7.5,2.7,14.28,TNO4437
2022-06-02 14:00:00,1.34,8.18,3.05,15.9,TNO4437
2022-06-02 15:00:00,1.22,7.77,2.81,14.2,TNO4437
2022-06-02 16:00:00,1.11,6.58,2.5,12.77,TNO4437
2022-06-02 17:00:00,1.14,6.1,2.44,10.65,TNO4437
2022-06-02 18:00:00,0.77,3.35,1.54,5.75,TNO4437
2022-06-02 19:00:00,0.73,2.68,1.44,4.48,TNO4437
2022-06-02 20:00:00,0.86,2.72,1.69,4.0,TNO4437
2022-06-02 21:00:00,1.31,3.95,2.4,6.03,TNO4437
2022-06-02 22:00:00,1.21,3.35,2.11,5.45,TNO4437
2022-06-02 23:00:00,0.94,2.82,1.72,4.53,TNO4437
2022-06-03 00:00:00,1.04,3.0,1.94,4.2,TNO4437
2022-06-03 01:00:00,1.03,2.9,1.88,4.25,TNO4437
2022-06-03 02:00:00,0.86,2.42,1.52,3.9,TNO4437
2022-06-03 03:00:00,1.09,3.65,2.07,5.45,TNO4437
2022-06-03 04:00:00,1.25,4.1,2.4,5.7,TNO4437
2022-06-03 05:00:00,0.9,3.2,1.79,4.88,TNO4437
2022-06-03 06:00:00,0.83,3.3,1.72,5.0,TNO4437
2022-06-03 07:00:00,1.14,4.95,2.44,7.47,TNO4437
2022-06-03 08:00:00,1.06,4.47,2.19,6.92,TNO4437
2022-06-03 09:00:00,0.94,3.85,2.0,5.75,TNO4437
2022-06-03 10:00:00,1.2,4.63,2.48,6.8,TNO4437
2022-06-03 11:00:00,2.06,5.92,3.57,8.03,TNO4437
2022-06-03 12:00:00,2.04,6.55,3.73,9.27,TNO4437
2022-06-03 13:00:00,1.82,6.33,3.52,8.93,TNO4437
2022-06-03 14:00:00,1.41,5.18,2.73,7.72,TNO4437
2022-06-03 15:00:00,1.23,4.38,2.44,6.95,TNO4437
2022-06-03 16:00:00,2.21,7.35,4.32,10.13,TNO4437
2022-06-03 17:00:00,2.27,7.9,4.57,10.8,TNO4437
2022-06-03 18:00:00,1.62,6.35,3.33,9.47,TNO4437
2022-06-03 19:00:00,1.23,4.9,2.54,7.58,TNO4437
2022-06-03 20:00:00,1.36,5.27,2.72,8.02,TNO4437
2022-06-03 21:00:00,1.82,6.3,3.44,9.08,TNO4437
2022-06-03 22:00:00,2.55,8.1,4.71,11.0,TNO4437
2022-06-03 23:00:00,3.15,9.8,5.66,13.85,TNO4437
2022-06-04 00:00:00,3.7,11.35,6.59,15.73,TNO4437
2022-06-04 01:00:00,5.17,14.83,9.06,19.32,TNO4437
2022-06-04 02:00:00,6.04,16.25,10.38,20.95,TNO4437
2022-06-04 03:00:00,6.1,16.4,10.49,21.05,TNO4437
2022-06-04 04:00:00,5.88,16.1,9.96,21.1,TNO4437
2022-06-04 05:00:00,4.98,14.02,8.54,17.95,TNO4437
2022-06-04 06:00:00,3.97,11.8,6.95,15.95,TNO4437
2022-06-04 07:00:00,3.62,10.83,6.48,14.22,TNO4437
2022-06-04 08:00:00,3.32,9.88,5.83,13.1,TNO4437
2022-06-04 09:00:00,3.12,9.45,5.51,12.42,TNO4437
2022-06-04 10:00:00,3.21,10.03,5.74,13.75,TNO4437
2022-06-04 11:00:00,3.05,9.73,5.44,14.03,TNO4437
2022-06-04 12:00:00,3.13,9.38,5.61,12.88,TNO4437
2022-06-04 13:00:00,3.28,9.42,5.84,13.15,TNO4437
2022-06-04 14:00:00,3.04,9.3,5.5,12.67,TNO4437
2022-06-04 15:00:00,2.88,8.72,5.13,11.88,TNO4437
2022-06-04 16:00:00,2.99,9.15,5.34,12.23,TNO4437
2022-06-04 17:00:00,2.91,10.58,5.34,14.68,TNO4437
2022-06-04 18:00:00,3.11,9.32,5.59,12.95,TNO4437
2022-06-04 19:00:00,3.41,10.27,6.12,13.7,TNO4437
2022-06-04 20:00:00,3.83,11.27,6.87,14.95,TNO4437
2022-06-04 21:00:00,3.87,11.88,6.94,15.85,TNO4437
2022-06-04 22:00:00,4.17,12.03,7.34,16.27,TNO4437
2022-06-04 23:00:00,6.12,17.17,10.49,24.0,TNO4437
2022-06-05 00:00:00,5.44,15.25,9.39,20.3,TNO4437
2022-06-05 01:00:00,5.56,15.5,9.66,20.43,TNO4437
2022-06-05 02:00:00,6.14,16.68,10.4,21.83,TNO4437
2022-06-05 03:00:00,6.63,18.1,11.21,23.65,TNO4437
2022-06-05 04:00:00,6.77,18.38,11.56,23.53,TNO4437
2022-06-05 05:00:00,6.88,17.65,11.7,22.75,TNO4437
2022-06-05 06:00:00,7.04,17.67,11.89,22.57,TNO4437
2022-06-05 07:00:00,6.89,18.28,11.76,23.07,TNO4437
2022-06-05 08:00:00,5.9,14.33,10.07,18.1,TNO4437
2022-06-05 09:00:00,5.79,13.35,9.61,16.78,TNO4437
2022-06-05 10:00:00,4.38,9.33,7.08,11.55,TNO4437
2022-06-05 11:00:00,3.93,9.0,6.62,11.33,TNO4437
2022-06-05 12:00:00,4.2,10.13,7.15,12.83,TNO4437
2022-06-05 13:00:00,3.86,9.32,6.59,11.85,TNO4437
2022-06-05 14:00:00,3.79,9.25,6.42,11.92,TNO4437
2022-06-05 15:00:00,4.53,12.0,7.88,15.5,TNO4437
2022-06-05 16:00:00,3.79,9.27,6.34,12.1,TNO4437
2022-06-05 17:00:00,3.12,6.53,5.08,8.4,TNO4437
2022-06-05 18:00:00,2.48,5.25,4.12,7.02,TNO4437
2022-06-05 19:00:00,2.93,6.5,4.9,8.35,TNO4437
2022-06-05 20:00:00,3.01,7.55,5.3,9.85,TNO4437
2022-06-05 21:00:00,3.15,8.48,5.53,11.17,TNO4437
2022-06-05 22:00:00,3.24,9.15,5.7,12.02,TNO4437
2022-06-05 23:00:00,3.02,8.78,5.3,11.58,TNO4437
2022-06-06 00:00:00,2.95,7.8,5.17,9.9,TNO4437
2022-06-06 01:00:00,2.67,7.25,4.7,9.35,TNO4437
2022-06-06 02:00:00,2.65,7.0,4.61,9.1,TNO4437
2022-06-06 03:00:00,2.47,6.23,4.3,8.05,TNO4437
2022-06-06 04:00:00,2.52,6.43,4.3,8.25,TNO4437
2022-06-06 05:00:00,2.43,6.15,4.05,8.25,TNO4437
2022-06-06 06:00:00,2.2,5.8,3.73,7.67,TNO4437
2022-06-06 07:00:00,2.13,6.07,3.69,8.23,TNO4437
2022-06-06 08:00:00,1.63,4.45,2.8,5.98,TNO4437
2022-06-06 09:00:00,1.54,4.15,2.66,5.73,TNO4437
2022-06-06 10:00:00,1.38,3.87,2.4,5.1,TNO4437
2022-06-06 11:00:00,1.44,4.5,2.57,6.23,TNO4437
2022-06-06 12:00:00,1.28,3.65,2.24,5.07,TNO4437
2022-06-06 13:00:00,1.27,3.82,2.29,5.43,TNO4437
2022-06-06 14:00:00,0.99,2.97,1.81,4.35,TNO4437
2022-06-06 15:00:00,0.89,2.85,1.65,4.3,TNO4437
2022-06-06 16:00:00,0.81,2.27,1.47,3.32,TNO4437
2022-06-06 17:00:00,0.78,2.03,1.39,2.73,TNO4437
2022-06-06 18:00:00,0.88,2.47,1.6,3.6,TNO4437
2022-06-06 19:00:00,0.94,2.62,1.7,3.82,TNO4437
2022-06-06 20:00:00,0.99,2.9,1.75,4.28,TNO4437
2022-06-06 21:00:00,1.61,5.75,2.83,10.6,TNO4437
2022-06-06 22:00:00,1.19,3.42,2.15,5.7,TNO4437
2022-06-06 23:00:00,1.18,3.28,2.15,4.5,TNO4437
2022-06-07 00:00:00,1.27,3.23,2.2,4.4,TNO4437
2022-06-07 01:00:00,1.28,3.55,2.27,5.17,TNO4437
2022-06-07 02:00:00,1.29,3.35,2.25,4.38,TNO4437
2022-06-07 03:00:00,1.22,3.3,2.16,4.9,TNO4437
2022-06-07 04:00:00,1.18,3.53,2.13,5.22,TNO4437
2022-06-07 05:00:00,1.24,4.07,2.31,6.05,TNO4437
2022-06-07 06:00:00,1.36,4.55,2.55,6.43,TNO4437
2022-06-07 07:00:00,1.49,4.93,2.83,7.33,TNO4437
2022-06-07 08:00:00,1.67,6.4,3.25,10.35,TNO4437
2022-06-07 09:00:00,1.59,6.13,3.06,9.6,TNO4437
2022-06-07 10:00:00,1.5,5.9,2.9,9.9,TNO4437
2022-06-07 11:00:00,1.46,5.78,2.89,9.92,TNO4437
2022-06-07 12:00:00,1.49,6.07,2.92,10.08,TNO4437
2022-06-07 13:00:00,1.5,5.48,2.89,8.67,TNO4437
2022-06-07 14:00:00,1.64,6.93,3.23,11.57,TNO4437
2022-06-07 15:00:00,1.42,6.0,2.86,10.23,TNO4437
2022-06-07 16:00:00,1.1,4.72,2.24,7.98,TNO4437
2022-06-07 17:00:00,1.07,4.2,2.09,6.43,TNO4437
2022-06-07 18:00:00,1.04,3.7,1.96,6.08,TNO4437
2022-06-07 19:00:00,1.06,3.63,1.99,5.2,TNO4437
2022-06-07 20:00:00,1.36,4.8,2.54,7.1,TNO4437
2022-06-07 21:00:00,1.5,5.55,3.02,8.43,TNO4437
2022-06-07 22:00:00,1.15,4.02,2.51,5.57,TNO4437
2022-06-07 23:00:00,0.72,2.07,1.37,2.95,TNO4437
2022-06-08 00:00:00,0.47,1.3,0.88,1.8,TNO4437
2022-06-08 01:00:00,0.38,1.0,0.71,1.42,TNO4437
2022-06-08 02:00:00,0.71,1.58,1.18,2.25,TNO4437
2022-06-08 03:00:00,0.53,1.82,1.1,2.83,TNO4437
2022-06-08 04:00:00,1.34,4.6,3.17,6.47,TNO4437
2022-06-08 05:00:00,1.82,5.75,4.12,8.13,TNO4437
2022-06-08 06:00:00,1.84,5.2,3.79,7.25,TNO4437
2022-06-08 07:00:00,2.18,5.9,4.24,8.05,TNO4437
2022-06-08 08:00:00,1.69,4.63,3.17,6.78,TNO4437
2022-06-08 09:00:00,1.44,3.75,2.66,5.13,TNO4437
2022-06-08 10:00:00,2.14,5.08,3.62,7.18,TNO4437
2022-06-08 11:00:00,1.84,5.02,3.28,6.95,TNO4437
2022-06-08 12:00:00,1.49,4.45,2.7,7.02,TNO4437
2022-06-08 13:00:00,2.29,6.45,4.06,9.8,TNO4437
2022-06-08 14:00:00,3.02,8.5,5.85,12.02,TNO4437
2022-06-08 15:00:00,3.34,8.05,5.86,11.1,TNO4437
2022-06-08 16:00:00,3.33,10.05,6.52,15.48,TNO4437
2022-06-08 17:00:00,3.71,11.47,7.32,17.55,TNO4437
2022-06-08 18:00:00,3.91,11.82,7.54,17.82,TNO4437
2022-06-08 19:00:00,3.73,11.35,7.47,17.13,TNO4437
2022-06-08 20:00:00,3.95,11.2,7.69,15.4,TNO4437
2022-06-08 21:00:00,4.27,11.27,7.82,15.18,TNO4437
2022-06-08 22:00:00,4.44,11.55,8.52,15.45,TNO4437
2022-06-08 23:00:00,4.53,12.2,9.31,15.95,TNO4437
2022-06-09 00:00:00,4.77,13.1,10.2,17.2,TNO4437
2022-06-09 01:00:00,4.78,13.4,10.4,17.47,TNO4437
2022-06-09 02:00:00,4.76,12.42,9.96,16.02,TNO4437
2022-06-09 03:00:00,4.96,13.4,10.6,17.22,TNO4437
2022-06-09 04:00:00,5.41,14.75,11.52,19.05,TNO4437
2022-06-09 05:00:00,5.41,14.75,10.92,19.0,TNO4437
2022-06-09 06:00:00,5.26,13.97,10.3,18.45,TNO4437
2022-06-09 07:00:00,3.89,11.98,9.61,16.88,TNO4437
2022-06-09 08:00:00,2.29,7.48,5.4,10.78,TNO4437
2022-06-09 09:00:00,2.81,8.23,5.98,11.95,TNO4437
2022-06-09 10:00:00,2.06,6.05,4.0,9.23,TNO4437
2022-06-09 11:00:00,0.93,3.42,1.89,5.85,TNO4437
2022-06-09 12:00:00,0.42,1.8,0.85,3.25,TNO4437
2022-06-09 13:00:00,0.32,1.35,0.63,2.3,TNO4437
2022-06-09 14:00:00,0.94,2.7,1.69,4.18,TNO4437
2022-06-09 15:00:00,4.2,9.07,6.79,11.62,TNO4437
2022-06-09 16:00:00,6.7,14.27,11.0,18.47,TNO4437
2022-06-09 17:00:00,7.34,16.2,12.33,20.9,TNO4437
2022-06-09 18:00:00,8.26,18.45,13.83,24.18,TNO4437
2022-06-09 19:00:00,9.03,20.65,16.14,27.03,TNO4437
2022-06-09 20:00:00,10.22,23.83,18.76,31.93,TNO4437
2022-06-09 21:00:00,10.03,24.28,18.89,32.65,TNO4437
2022-06-09 22:00:00,11.13,24.47,19.53,31.25,TNO4437
2022-06-24 22:00:00,2.45,7.25,5.0,10.38,TNO4437
2022-06-24 23:00:00,2.43,7.63,5.48,10.67,TNO4437
2022-06-25 00:00:00,0.42,2.65,1.02,4.85,TNO4437
2022-06-25 01:00:00,0.17,0.83,0.36,1.3,TNO4437
2022-06-25 02:00:00,0.21,0.92,0.44,1.55,TNO4437
2022-06-25 03:00:00,0.3,1.0,0.59,1.72,TNO4437
2022-06-25 04:00:00,0.51,1.32,0.96,1.8,TNO4437
2022-06-25 05:00:00,0.87,2.12,1.65,3.02,TNO4437
2022-06-25 06:00:00,0.85,2.25,1.63,3.27,TNO4437
2022-06-25 07:00:00,1.13,3.0,2.18,4.23,TNO4437
2022-06-25 08:00:00,1.11,3.2,2.11,4.58,TNO4437
2022-06-25 09:00:00,1.26,3.52,2.33,5.05,TNO4437
2022-06-25 10:00:00,1.27,4.13,2.49,6.48,TNO4437
2022-06-25 11:00:00,1.25,4.17,2.46,6.5,TNO4437
2022-06-25 12:00:00,1.25,5.63,2.61,8.85,TNO4437
2022-06-25 13:00:00,1.17,4.58,2.37,7.6,TNO4437
2022-06-25 14:00:00,1.2,4.35,2.36,7.13,TNO4437
2022-06-25 15:00:00,1.36,5.08,2.72,8.33,TNO4437
2022-06-25 16:00:00,1.17,4.1,2.34,6.32,TNO4437
2022-06-25 17:00:00,1.49,4.6,2.91,6.25,TNO4437
2022-06-25 18:00:00,1.35,3.9,2.54,5.5,TNO4437
2022-06-25 19:00:00,1.89,5.13,3.47,7.52,TNO4437
2022-06-25 20:00:00,2.19,5.68,4.0,7.77,TNO4437
2022-06-25 21:00:00,1.99,4.9,3.65,6.38,TNO4437
2022-06-25 22:00:00,2.37,5.83,4.48,7.98,TNO4437
2022-06-25 23:00:00,2.87,6.83,5.57,8.7,TNO4437
2022-06-26 00:00:00,2.94,7.1,5.73,9.27,TNO4437
2022-06-26 01:00:00,2.36,5.3,4.53,6.93,TNO4437
2022-06-26 02:00:00,1.08,2.58,2.12,3.65,TNO4437
2022-06-26 03:00:00,0.4,1.3,0.86,2.2,TNO4437
2022-06-26 04:00:00,0.27,0.95,0.59,1.65,TNO4437
2022-06-26 05:00:00,0.35,1.18,0.76,1.97,TNO4437
2022-06-26 06:00:00,0.37,1.08,0.77,1.47,TNO4437
2022-06-26 07:00:00,0.5,1.18,0.91,1.55,TNO4437
2022-06-26 08:00:00,0.61,1.35,1.06,1.78,TNO4437
2022-06-26 09:00:00,0.56,1.22,0.97,1.82,TNO4437
2022-06-26 10:00:00,0.52,1.22,0.88,1.82,TNO4437
2022-06-26 11:00:00,0.57,1.62,1.02,2.5,TNO4437
2022-06-26 12:00:00,0.54,1.73,0.99,2.65,TNO4437
2022-06-26 13:00:00,0.45,1.8,0.84,3.9,TNO4437
2022-06-26 14:00:00,0.48,1.6,0.88,2.68,TNO4437
2022-06-26 15:00:00,0.84,2.05,1.41,3.12,TNO4437
2022-06-26 16:00:00,0.99,2.85,1.87,4.5,TNO4437
2022-06-26 17:00:00,1.07,3.13,2.16,4.63,TNO4437
2022-06-26 18:00:00,2.11,5.8,3.78,8.22,TNO4437
2022-06-26 19:00:00,2.82,6.92,4.77,9.65,TNO4437
2022-06-26 20:00:00,2.38,5.5,3.98,7.3,TNO4437
2022-06-26 21:00:00,2.95,7.05,5.34,9.32,TNO4437
2022-06-26 22:00:00,2.0,5.57,4.33,7.7,TNO4437
2022-06-26 23:00:00,2.03,5.95,4.29,8.72,TNO4437
2022-06-27 00:00:00,1.81,5.27,3.8,7.6,TNO4437
2022-06-27 01:00:00,2.25,6.98,5.05,9.93,TNO4437
2022-06-27 02:00:00,2.9,9.05,6.62,12.65,TNO4437
2022-06-27 03:00:00,3.07,9.95,7.0,14.1,TNO4437
2022-06-27 04:00:00,3.66,12.07,8.66,16.72,TNO4437
2022-06-27 05:00:00,4.24,15.0,10.71,21.03,TNO4437
2022-06-27 06:00:00,4.02,12.9,9.55,17.97,TNO4437
2022-06-27 07:00:00,3.93,11.6,8.56,15.67,TNO4437
2022-06-27 08:00:00,3.6,9.97,7.36,13.4,TNO4437
2022-06-27 09:00:00,3.18,8.45,5.94,11.38,TNO4437
2022-06-27 10:00:00,2.88,7.55,5.32,10.2,TNO4437
2022-06-27 11:00:00,2.68,7.73,5.2,11.05,TNO4437
2022-06-27 12:00:00,2.61,7.05,4.92,9.98,TNO4437
2022-06-27 13:00:00,2.33,6.95,4.58,9.67,TNO4437
2022-06-27 14:00:00,2.2,6.85,4.34,10.1,TNO4437
2022-06-27 15:00:00,1.92,6.38,3.77,10.65,TNO4437
2022-06-27 16:00:00,1.67,5.8,3.36,9.52,TNO4437
2022-06-27 17:00:00,2.57,7.85,4.85,12.0,TNO4437
2022-06-27 18:00:00,4.09,11.05,7.44,15.17,TNO4437
2022-06-27 19:00:00,4.01,9.9,7.11,13.63,TNO4437
2022-06-27 20:00:00,5.27,12.6,9.58,16.13,TNO4437
2022-06-27 21:00:00,5.4,13.45,9.9,17.4,TNO4437
2022-06-27 22:00:00,5.68,15.83,10.55,19.95,TNO4437
2022-06-27 23:00:00,5.37,12.73,9.92,16.33,TNO4437
2022-06-28 00:00:00,4.3,10.65,8.55,13.72,TNO4437
2022-06-28 01:00:00,4.55,11.2,9.06,14.1,TNO4437
2022-06-28 02:00:00,3.31,8.2,6.64,10.52,TNO4437
2022-06-28 03:00:00,1.8,4.15,3.43,5.45,TNO4437
2022-06-28 04:00:00,1.81,4.53,3.55,5.9,TNO4437
2022-06-28 05:00:00,1.96,5.2,4.0,7.0,TNO4437
2022-06-28 06:00:00,1.92,5.0,3.89,6.6,TNO4437
2022-06-28 07:00:00,1.22,3.43,2.48,5.1,TNO4437
2022-06-28 08:00:00,0.92,3.4,1.98,5.13,TNO4437
2022-06-28 09:00:00,0.63,3.13,1.47,5.5,TNO4437
2022-06-28 10:00:00,0.63,2.32,1.31,3.57,TNO4437
2022-06-28 11:00:00,0.49,2.5,1.09,4.07,TNO4437
2022-06-28 12:00:00,0.52,2.55,1.17,4.58,TNO4437
2022-06-28 13:00:00,2.76,6.38,4.75,8.53,TNO4437
2022-06-28 14:00:00,4.37,9.85,7.47,13.02,TNO4437
2022-06-28 15:00:00,3.41,7.73,5.9,10.25,TNO4437
2022-06-28 16:00:00,3.59,8.47,6.42,11.22,TNO4437
2022-06-28 17:00:00,4.52,10.75,8.2,14.55,TNO4437
2022-06-28 18:00:00,3.67,8.77,6.74,11.45,TNO4437
2022-06-28 19:00:00,3.79,9.02,6.64,12.1,TNO4437
2022-06-28 20:00:00,3.6,8.2,6.26,10.63,TNO4437
2022-06-28 21:00:00,3.15,7.48,5.62,9.82,TNO4437
2022-06-28 22:00:00,3.14,7.55,5.71,9.78,TNO4437
2022-06-28 23:00:00,2.61,6.4,4.89,8.47,TNO4437
2022-06-29 00:00:00,3.05,7.98,5.94,10.07,TNO4437
2022-06-29 01:00:00,3.35,8.95,6.71,11.55,TNO4437
2022-06-29 02:00:00,3.33,9.38,6.95,12.63,TNO4437
2022-06-29 03:00:00,3.08,8.7,6.42,11.17,TNO4437
2022-06-29 04:00:00,3.19,9.15,6.72,11.98,TNO4437
2022-06-29 05:00:00,2.95,8.03,5.99,10.73,TNO4437
2022-06-29 06:00:00,2.72,8.05,5.56,11.25,TNO4437
2022-06-29 07:00:00,2.66,7.95,5.46,10.78,TNO4437
2022-06-29 08:00:00,2.8,9.33,5.81,13.53,TNO4437
2022-06-29 09:00:00,2.28,6.75,4.36,9.2,TNO4437
2022-06-29 10:00:00,2.25,6.87,4.29,9.45,TNO4437
2022-06-29 11:00:00,1.44,5.1,2.89,7.33,TNO4437
2022-06-29 12:00:00,1.32,4.8,2.61,7.77,TNO4437
2022-06-29 13:00:00,1.59,6.2,3.16,10.4,TNO4437
2022-06-29 14:00:00,2.36,8.25,4.45,13.9,TNO4437
2022-06-29 15:00:00,3.2,11.4,5.92,18.45,TNO4437
2022-06-29 16:00:00,3.43,10.7,6.09,16.9,TNO4437
2022-06-29 17:00:00,1.19,4.38,2.24,7.4,TNO4437
2022-06-29 18:00:00,0.69,4.4,1.26,6.53,TNO4437
2022-06-29 19:00:00,0.52,2.1,0.96,4.13,TNO4437
2022-06-29 20:00:00,0.41,1.78,0.77,3.43,TNO4437
2022-06-29 21:00:00,0.49,2.2,0.89,4.8,TNO4437
2022-06-29 22:00:00,0.67,4.13,1.15,6.15,TNO4437
2022-06-29 23:00:00,0.57,2.28,1.07,4.13,TNO4437
2022-06-30 00:00:00,0.7,2.7,1.3,4.25,TNO4437
2022-06-30 01:00:00,0.8,3.07,1.52,5.38,TNO4437
2022-06-30 02:00:00,0.97,3.32,1.78,5.13,TNO4437
2022-06-30 03:00:00,1.07,3.65,2.02,5.27,TNO4437
2022-06-30 04:00:00,1.2,4.38,2.4,6.82,TNO4437
2022-06-30 05:00:00,1.2,4.27,2.49,6.68,TNO4437
2022-06-30 06:00:00,1.27,4.67,2.72,6.97,TNO4437
2022-06-30 07:00:00,1.44,5.92,3.14,9.0,TNO4437
2022-06-30 08:00:00,1.53,6.87,3.48,10.75,TNO4437
2022-06-30 09:00:00,1.59,6.55,3.59,9.7,TNO4437
2022-06-30 10:00:00,1.59,5.32,3.11,7.93,TNO4437
2022-06-30 11:00:00,1.39,4.9,2.56,7.4,TNO4437
2022-06-30 12:00:00,1.2,3.88,2.22,5.98,TNO4437
2022-06-30 13:00:00,1.3,4.3,2.49,7.02,TNO4437
2022-06-30 14:00:00,1.42,4.85,2.56,7.7,TNO4437
2022-06-30 15:00:00,1.39,4.68,2.53,7.15,TNO4437
2022-06-30 16:00:00,1.43,4.5,2.67,7.17,TNO4437
2022-06-30 17:00:00,1.64,5.3,3.05,8.38,TNO4437
2022-06-30 18:00:00,1.84,5.9,3.42,9.0,TNO4437
2022-06-30 19:00:00,2.04,8.08,3.69,11.95,TNO4437
2022-06-30 20:00:00,1.73,5.5,3.12,8.23,TNO4437
2022-06-30 21:00:00,1.54,5.1,2.83,7.85,TNO4437
2022-06-30 22:00:00,1.28,4.42,2.44,7.02,TNO4437
2022-06-30 23:00:00,1.59,5.07,3.06,7.73,TNO4437
2022-07-01 00:00:00,1.37,4.3,2.62,6.32,TNO4437
2022-07-01 01:00:00,0.74,2.55,1.47,4.15,TNO4437
2022-07-01 02:00:00,0.66,2.63,1.4,3.88,TNO4437
2022-07-01 03:00:00,0.66,2.57,1.37,4.03,TNO4437
2022-07-01 04:00:00,0.67,2.62,1.43,3.92,TNO4437
2022-07-01 05:00:00,0.7,2.9,1.5,4.4,TNO4437
2022-07-01 06:00:00,0.88,3.48,1.85,5.25,TNO4437
2022-07-01 07:00:00,1.0,3.3,2.06,4.77,TNO4437
2022-07-01 08:00:00,1.3,4.92,2.9,7.43,TNO4437
2022-07-01 09:00:00,1.5,5.02,3.07,7.7,TNO4437
2022-07-01 10:00:00,1.57,4.7,2.75,6.75,TNO4437
2022-07-01 11:00:00,1.41,5.23,2.72,7.82,TNO4437
2022-07-01 12:00:00,0.97,4.25,1.98,7.2,TNO4437
2022-07-01 13:00:00,0.77,2.93,1.53,5.0,TNO4437
2022-07-01 14:00:00,0.83,3.55,1.61,6.08,TNO4437
2022-07-01 15:00:00,0.57,3.22,1.25,6.45,TNO4437
2022-07-01 16:00:00,0.27,1.68,0.61,3.1,TNO4437
2022-07-01 17:00:00,0.31,1.75,0.67,3.1,TNO4437
2022-07-01 18:00:00,0.51,2.03,0.96,3.52,TNO4437
2022-07-01 19:00:00,0.72,2.2,1.28,3.7,TNO4437
2022-07-01 20:00:00,1.08,3.8,2.14,5.82,TNO4437
2022-07-01 21:00:00,0.83,2.97,1.65,4.8,TNO4437
2022-07-01 22:00:00,0.91,3.65,2.0,6.08,TNO4437
2022-07-01 23:00:00,1.18,5.1,2.69,8.67,TNO4437
2022-07-02 00:00:00,1.28,5.95,3.11,9.67,TNO4437
2022-07-02 01:00:00,1.43,7.77,3.75,12.88,TNO4437
2022-07-02 02:00:00,1.59,7.98,4.09,12.9,TNO4437
2022-07-02 03:00:00,1.64,6.92,3.92,10.1,TNO4437
2022-07-02 04:00:00,1.35,6.55,3.29,9.7,TNO4437
2022-07-02 05:00:00,1.27,6.3,3.13,9.22,TNO4437
2022-07-02 06:00:00,1.39,6.35,3.28,9.3,TNO4437
2022-07-02 07:00:00,1.74,6.65,3.89,9.5,TNO4437
2022-07-02 08:00:00,2.23,7.65,4.81,10.72,TNO4437
2022-07-02 09:00:00,2.46,8.03,4.92,11.3,TNO4437
2022-07-02 10:00:00,2.28,7.0,4.44,9.88,TNO4437
2022-07-02 11:00:00,2.06,6.25,3.75,8.88,TNO4437
2022-07-02 12:00:00,1.53,4.57,2.81,7.25,TNO4437
2022-07-02 13:00:00,1.44,4.4,2.63,7.2,TNO4437
2022-07-02 14:00:00,0.98,2.93,1.78,5.05,TNO4437
2022-07-02 15:00:00,1.12,3.33,2.07,5.23,TNO4437
2022-07-02 16:00:00,0.85,2.45,1.44,4.1,TNO4437
2022-07-02 17:00:00,0.71,2.5,1.25,4.45,TNO4437
2022-07-02 18:00:00,0.81,2.8,1.5,5.02,TNO4437
2022-07-02 19:00:00,0.9,3.38,1.66,6.05,TNO4437
2022-07-02 20:00:00,1.23,4.25,2.45,7.2,TNO4437
2022-07-02 21:00:00,0.82,3.15,1.7,5.3,TNO4437
2022-07-02 22:00:00,0.84,3.35,1.78,5.45,TNO4437
2022-07-02 23:00:00,1.09,4.7,2.56,7.08,TNO4437
2022-07-03 00:00:00,0.93,4.35,2.12,7.2,TNO4437
2022-07-03 01:00:00,1.08,5.1,2.71,8.07,TNO4437
2022-07-03 02:00:00,1.37,6.75,3.54,10.67,TNO4437
2022-07-03 03:00:00,1.53,7.48,3.95,11.45,TNO4437
2022-07-03 04:00:00,1.72,7.98,4.34,12.4,TNO4437
2022-07-03 05:00:00,1.68,8.07,4.22,12.0,TNO4437
2022-07-03 06:00:00,1.93,8.27,4.5,11.95,TNO4437
2022-07-03 07:00:00,1.62,6.23,3.55,9.03,TNO4437
2022-07-03 08:00:00,1.05,3.8,2.17,5.92,TNO4437
2022-07-03 09:00:00,0.83,2.85,1.67,5.3,TNO4437
2022-07-03 10:00:00,1.05,3.43,1.95,5.63,TNO4437
2022-07-03 11:00:00,1.28,3.95,2.26,6.47,TNO4437
2022-07-03 12:00:00,0.86,2.9,1.67,4.28,TNO4437
2022-07-03 13:00:00,1.2,4.02,2.26,6.08,TNO4437
2022-07-03 14:00:00,1.0,3.7,1.97,5.92,TNO4437
2022-07-03 15:00:00,0.86,3.42,1.76,5.52,TNO4437
2022-07-03 16:00:00,0.56,2.38,1.2,4.12,TNO4437
2022-07-03 17:00:00,0.7,2.7,1.39,4.45,TNO4437
2022-07-03 18:00:00,0.97,3.52,1.8,5.4,TNO4437
2022-07-03 19:00:00,0.95,3.45,1.8,5.38,TNO4437
2022-07-03 20:00:00,0.86,3.05,1.61,5.13,TNO4437
2022-07-03 21:00:00,0.82,3.43,1.68,5.23,TNO4437
2022-07-03 22:00:00,0.79,3.48,1.68,5.5,TNO4437
2022-07-03 23:00:00,0.86,4.07,1.96,6.3,TNO4437
2022-07-04 00:00:00,0.93,4.92,2.24,7.3,TNO4437
2022-07-04 01:00:00,0.75,3.83,1.86,5.9,TNO4437
2022-07-04 02:00:00,0.67,2.93,1.57,4.42,TNO4437
2022-07-04 03:00:00,0.59,2.68,1.45,4.05,TNO4437
2022-07-04 04:00:00,0.76,3.0,1.77,4.2,TNO4437
2022-07-04 05:00:00,1.03,3.88,2.34,5.55,TNO4437
2022-07-04 06:00:00,1.49,5.85,3.4,8.6,TNO4437
2022-07-04 07:00:00,1.58,5.23,3.34,7.72,TNO4437
2022-07-04 08:00:00,1.16,4.05,2.52,5.95,TNO4437
2022-07-04 09:00:00,1.44,4.4,2.83,6.68,TNO4437
2022-07-04 10:00:00,1.83,5.38,3.38,7.78,TNO4437
2022-07-04 11:00:00,1.5,4.38,2.74,6.25,TNO4437
2022-07-04 12:00:00,1.42,4.4,2.58,6.73,TNO4437
2022-07-04 13:00:00,1.71,4.75,2.92,6.7,TNO4437
2022-07-04 14:00:00,1.8,5.58,3.25,8.17,TNO4437
2022-07-04 15:00:00,1.75,5.3,3.26,8.35,TNO4437
2022-07-04 16:00:00,1.98,6.33,3.64,9.53,TNO4437
2022-07-04 17:00:00,1.9,6.35,3.54,9.78,TNO4437
2022-07-04 18:00:00,1.84,5.57,3.36,8.1,TNO4437
2022-07-04 19:00:00,1.78,5.63,3.31,8.55,TNO4437
2022-07-04 20:00:00,1.96,5.97,3.62,9.5,TNO4437
2022-07-04 21:00:00,2.42,6.7,4.25,9.72,TNO4437
2022-07-04 22:00:00,2.66,7.6,4.85,10.57,TNO4437
2022-07-04 23:00:00,3.31,9.18,6.14,12.55,TNO4437
2022-07-05 00:00:00,3.91,10.9,7.59,14.48,TNO4437
2022-07-05 01:00:00,4.65,13.32,9.56,17.75,TNO4437
2022-07-05 02:00:00,4.38,13.95,10.28,18.9,TNO4437
2022-07-05 03:00:00,3.95,13.87,10.06,18.95,TNO4437
2022-07-05 04:00:00,2.28,9.1,5.88,12.63,TNO4437
2022-07-05 05:00:00,1.48,6.92,3.88,9.73,TNO4437
2022-07-05 06:00:00,0.93,4.3,2.21,6.88,TNO4437
2022-07-05 07:00:00,0.36,1.78,0.83,2.8,TNO4437
2022-07-05 08:00:00,0.45,2.48,1.06,4.13,TNO4437
2022-07-05 09:00:00,0.5,3.63,1.18,6.63,TNO4437
2022-07-05 10:00:00,0.27,2.35,0.76,4.02,TNO4437
2022-07-05 11:00:00,0.33,2.75,0.89,5.2,TNO4437
2022-07-05 12:00:00,0.3,2.42,0.8,4.9,TNO4437
2022-07-05 13:00:00,1.34,3.2,1.81,5.07,TNO4437
2022-07-05 14:00:00,0.33,2.27,0.77,3.97,TNO4437
2022-07-05 15:00:00,0.47,3.23,1.11,5.88,TNO4437
2022-07-05 16:00:00,0.62,4.23,1.5,7.7,TNO4437
2022-07-05 17:00:00,0.69,4.15,1.56,7.5,TNO4437
2022-07-05 18:00:00,0.72,3.4,1.49,5.83,TNO4437
2022-07-05 19:00:00,0.66,3.03,1.35,4.87,TNO4437
2022-07-05 20:00:00,0.5,2.48,1.09,4.43,TNO4437
2022-07-05 21:00:00,0.72,2.6,1.36,4.3,TNO4437
2022-07-05 22:00:00,1.59,4.3,2.88,6.0,TNO4437
2022-07-05 23:00:00,3.92,6.93,5.2,9.0,TNO4437
2022-07-06 00:00:00,1.25,3.53,2.38,5.22,TNO4437
2022-07-06 01:00:00,1.46,4.62,2.9,6.78,TNO4437
2022-07-06 02:00:00,1.34,4.05,2.7,5.85,TNO4437
2022-07-06 03:00:00,1.7,4.5,3.24,6.4,TNO4437
2022-07-06 04:00:00,2.19,5.62,4.07,7.42,TNO4437
2022-07-06 05:00:00,2.52,6.38,4.78,8.8,TNO4437
2022-07-06 06:00:00,2.71,6.8,5.07,9.37,TNO4437
2022-07-06 07:00:00,2.26,5.68,4.22,8.13,TNO4437
2022-07-06 08:00:00,2.05,5.88,3.8,8.77,TNO4437
2022-07-06 09:00:00,1.57,5.1,2.91,7.9,TNO4437
2022-07-06 10:00:00,1.29,5.63,2.59,9.85,TNO4437
2022-07-06 11:00:00,1.32,4.92,2.52,8.03,TNO4437
2022-07-06 12:00:00,1.55,5.2,2.81,9.02,TNO4437
2022-07-06 13:00:00,1.8,5.53,3.18,9.07,TNO4437
2022-07-06 14:00:00,1.36,5.73,2.56,10.33,TNO4437
2022-07-06 15:00:00,0.6,5.07,1.37,10.38,TNO4437
2022-07-06 16:00:00,0.98,4.75,1.88,8.93,TNO4437
2022-07-06 17:00:00,1.42,5.17,2.59,8.75,TNO4437
2022-07-06 18:00:00,1.68,5.2,2.96,8.2,TNO4437
2022-07-06 19:00:00,2.06,6.05,3.6,8.85,TNO4437
2022-07-06 20:00:00,2.25,6.4,3.9,9.43,TNO4437
2022-07-06 21:00:00,1.34,3.65,2.44,4.98,TNO4437
2022-07-06 22:00:00,0.91,2.58,1.65,4.03,TNO4437
2022-07-06 23:00:00,0.67,2.15,1.3,3.18,TNO4437
2022-07-07 00:00:00,0.93,2.53,1.74,3.6,TNO4437
2022-07-07 01:00:00,1.38,3.32,2.6,4.77,TNO4437
2022-07-07 02:00:00,1.41,3.58,2.71,4.88,TNO4437
2022-07-07 03:00:00,0.84,2.22,1.67,3.15,TNO4437
2022-07-07 04:00:00,0.49,1.5,0.97,2.15,TNO4437
2022-07-07 05:00:00,0.41,1.4,0.86,2.02,TNO4437
2022-07-07 06:00:00,0.27,1.37,0.61,2.38,TNO4437
2022-07-07 07:00:00,0.28,1.7,0.64,3.0,TNO4437
2022-07-07 08:00:00,0.42,2.55,0.95,5.05,TNO4437
2022-07-07 09:00:00,0.57,2.6,0.99,4.7,TNO4437
2022-07-07 10:00:00,0.37,3.83,1.05,7.67,TNO4437
2022-07-07 11:00:00,0.31,2.8,0.82,5.5,TNO4437
2022-07-07 12:00:00,0.25,3.13,0.76,6.27,TNO4437
2022-07-07 13:00:00,0.26,2.8,0.75,6.43,TNO4437
2022-07-07 14:00:00,0.42,3.43,1.08,6.65,TNO4437
2022-07-07 15:00:00,0.53,4.68,1.35,10.02,TNO4437
2022-07-07 16:00:00,0.55,4.0,1.35,8.55,TNO4437
2022-07-07 17:00:00,0.74,3.7,1.48,7.17,TNO4437
2022-07-07 18:00:00,0.55,2.9,1.17,5.35,TNO4437
2022-07-07 19:00:00,0.6,3.1,1.27,6.25,TNO4437
2022-07-07 20:00:00,0.47,2.72,1.05,5.07,TNO4437
2022-07-07 21:00:00,0.61,4.18,1.46,8.33,TNO4437
2022-07-07 22:00:00,0.79,4.93,1.78,9.83,TNO4437
2022-07-07 23:00:00,1.08,6.45,2.36,12.23,TNO4437
2022-07-08 00:00:00,1.11,6.7,2.55,11.73,TNO4437
2022-07-08 01:00:00,0.97,3.52,2.0,6.0,TNO4437
2022-07-08 02:00:00,0.9,3.68,2.07,5.57,TNO4437
2022-07-08 03:00:00,0.9,4.05,2.07,6.42,TNO4437
2022-07-08 04:00:00,0.84,3.7,1.94,5.82,TNO4437
2022-07-08 05:00:00,0.54,2.25,1.23,3.65,TNO4437
2022-07-08 06:00:00,0.4,1.82,0.89,2.88,TNO4437
2022-07-08 07:00:00,0.33,1.57,0.76,2.88,TNO4437
2022-07-08 08:00:00,0.68,4.85,1.81,9.1,TNO4437
2022-07-08 09:00:00,0.75,3.7,1.63,6.3,TNO4437
2022-07-08 10:00:00,1.02,3.77,1.88,5.9,TNO4437
2022-07-08 11:00:00,0.94,4.05,1.84,6.83,TNO4437
2022-07-08 12:00:00,0.85,4.17,1.65,8.07,TNO4437
2022-07-08 13:00:00,0.87,4.32,1.74,7.67,TNO4437
2022-07-08 14:00:00,0.88,4.25,1.78,7.63,TNO4437
2022-07-08 15:00:00,0.87,4.25,1.8,7.9,TNO4437
2022-07-08 16:00:00,0.82,3.92,1.69,6.55,TNO4437
2022-07-08 17:00:00,0.87,4.33,1.79,7.4,TNO4437
2022-07-08 18:00:00,0.8,3.97,1.66,6.93,TNO4437
2022-07-08 19:00:00,0.73,3.73,1.53,6.72,TNO4437
2022-07-08 20:00:00,0.68,3.68,1.47,6.65,TNO4437
2022-07-08 21:00:00,0.59,3.27,1.3,6.43,TNO4437
2022-07-08 22:00:00,0.56,3.5,1.27,7.4,TNO4437
2022-07-08 23:00:00,0.6,3.45,1.31,6.55,TNO4437
2022-07-09 00:00:00,0.75,4.25,1.62,7.42,TNO4437
2022-07-09 01:00:00,0.79,3.25,1.64,5.07,TNO4437
2022-07-09 02:00:00,0.68,2.8,1.43,4.2,TNO4437
2022-07-09 03:00:00,0.72,2.6,1.49,4.18,TNO4437
2022-07-09 04:00:00,0.8,2.9,1.71,4.27,TNO4437
2022-07-09 05:00:00,0.88,3.37,1.88,5.27,TNO4437
2022-07-09 06:00:00,0.73,3.18,1.65,5.12,TNO4437
2022-07-09 07:00:00,0.38,1.9,0.85,3.1,TNO4437
2022-07-09 08:00:00,0.23,1.15,0.52,1.9,TNO4437
2022-07-09 09:00:00,0.25,1.2,0.53,2.2,TNO4437
2022-07-09 10:00:00,0.32,1.6,0.69,2.85,TNO4437
2022-07-09 11:00:00,0.38,2.0,0.82,3.53,TNO4437
2022-07-09 12:00:00,0.4,2.0,0.82,3.82,TNO4437
2022-07-09 13:00:00,0.4,2.27,0.85,4.6,TNO4437
2022-07-09 14:00:00,0.39,2.18,0.83,4.52,TNO4437
2022-07-09 15:00:00,0.29,2.02,0.64,4.38,TNO4437
2022-07-09 16:00:00,0.3,1.77,0.66,3.52,TNO4437
2022-07-09 17:00:00,0.38,2.18,0.86,4.6,TNO4437
2022-07-09 18:00:00,0.32,3.77,0.71,6.42,TNO4437
2022-07-09 19:00:00,0.28,1.82,0.62,4.1,TNO4437
2022-07-09 20:00:00,0.31,2.22,0.7,4.33,TNO4437
2022-07-09 21:00:00,0.3,1.63,0.66,3.07,TNO4437
2022-07-09 22:00:00,2.7,9.22,5.1,14.88,TNO4437
